股票代码,股票名称,现价,总市值(亿),流通市值(亿),PE(动),净利润(亿),年度涨跌幅(%),单周最大涨幅(%),单周最大跌幅(%),平均换手率(%),峰值换手率(%),价格区间高,价格区间低,价格波幅(%),波段次数,放量日数,最长连续放量,高位放量日,最大量比,平均放量倍数
002819,东方中科,29.88,89.52,70.24,-81.7,,17.5,17.87,-12.42,15.99,81.3,40.74,22.54,80.75,26,25,14,21,6.36,2.98
002888,惠威科技,20.66,30.5,15.48,230.25,0.13,14.4,10.31,-10.51,26.63,99.21,22.89,12.81,78.69,31,18,9,16,4.66,2.94
605005,合兴股份,18.68,74.91,74.91,36.81,2.04,18.98,24.39,-10.38,3.94,18.8,26.41,13.31,98.42,26,28,6,16,10.0,3.1
002186,全 聚 德,11.91,36.55,36.51,104.74,0.35,9.57,11.47,-8.56,14.89,74.38,15.29,9.48,61.29,27,22,9,15,4.99,2.81
600738,丽尚国潮,5.28,40.2,40.16,26.01,1.55,17.33,15.76,-12.87,19.18,84.83,6.87,4.11,67.15,24,22,12,14,4.9,2.77
300094,国联水产,3.96,44.68,43.78,-4.19,,9.39,22.54,-13.53,32.93,184.05,5.8,2.96,95.95,28,21,8,14,7.57,3.33
300962,中金辐照,17.04,44.99,44.99,37.57,1.2,13.83,22.11,-10.93,9.61,62.31,20.35,12.41,63.98,31,18,8,14,8.18,3.72
301116,益客食品,11.15,50.06,50.06,-13.02,,-2.87,14.3,-13.65,8.25,39.28,15.08,10.5,43.62,32,15,7,14,5.6,3.02
300796,贝斯美,8.93,32.25,32.25,77.61,0.42,-11.14,25.0,-11.43,13.45,91.34,14.64,8.1,80.74,25,19,12,13,6.36,3.06
600368,五洲交通,3.99,64.23,64.23,9.48,6.78,-5.23,16.2,-21.75,10.64,68.93,5.74,3.83,49.87,29,19,10,13,4.92,2.93
603395,红四方,30.43,79.12,19.78,129.44,0.61,-12.58,10.74,-9.91,35.01,125.82,40.55,28.82,40.7,31,17,9,13,4.82,2.92
300275,梅安森,14.07,43.34,38.19,82.09,0.53,5.08,12.98,-13.69,23.03,145.52,19.97,10.07,98.31,24,21,8,13,4.79,2.88
600127,金健米业,6.74,43.26,43.26,258.42,0.17,5.15,10.93,-8.64,15.84,82.68,8.1,6.2,30.65,32,20,8,13,5.95,3.16
300351,永贵电器,18.7,72.73,49.26,76.6,0.95,7.29,12.09,-11.56,23.91,81.08,21.72,13.1,65.8,31,21,8,13,5.53,2.88
603237,五芳斋,16.93,33.36,33.18,14.31,2.33,-1.8,8.87,-7.76,13.56,78.37,22.01,16.11,36.62,32,20,8,13,4.64,2.78
603928,兴业股份,17.16,44.97,44.97,45.55,0.99,19.5,62.08,-17.3,22.93,105.74,22.21,7.53,194.95,28,28,7,13,4.85,2.9
300848,美瑞新材,15.8,67.61,39.99,86.9,0.78,-5.56,7.83,-11.06,10.48,86.7,21.92,14.0,56.57,31,21,7,13,10.45,3.94
600121,郑州煤电,4.44,54.1,54.1,-10.62,,16.54,15.93,-19.2,18.43,85.33,6.08,3.34,82.04,34,23,7,13,3.79,2.85
000821,京山轻机,13.96,86.95,84.41,22.9,3.8,13.04,13.77,-10.06,16.06,59.27,15.37,9.69,58.62,30,24,7,13,5.51,2.83
002333,罗普斯金,5.87,39.62,38.31,67.54,0.59,7.9,13.61,-15.09,7.9,45.96,6.92,4.59,50.76,34,15,7,13,5.72,3.44
603004,鼎龙科技,24.27,57.16,14.29,35.0,1.63,15.9,18.69,-12.84,37.92,123.51,26.62,15.79,68.59,28,21,6,13,4.09,2.61
000541,佛山照明,6.32,97.06,77.77,51.63,1.88,6.4,13.63,-8.62,12.36,81.85,9.31,5.09,82.91,32,20,6,13,4.91,2.9
002889,东方嘉盛,15.53,58.65,39.02,31.1,1.89,9.6,12.97,-9.71,14.84,48.33,17.48,11.69,49.53,36,18,6,13,5.98,3.01
605300,佳禾食品,11.77,53.48,53.48,154.27,0.35,-8.19,27.57,-21.39,6.01,20.18,18.37,11.24,63.43,34,18,4,13,6.08,2.91
002644,佛慈制药,9.02,46.06,46.06,90.71,0.51,16.99,17.99,-9.49,7.88,66.92,11.85,6.71,76.6,25,23,10,12,7.51,3.66
000428,华天酒店,3.36,34.24,34.24,-16.44,,11.63,13.4,-18.87,13.35,58.55,4.32,2.73,58.24,32,17,10,12,4.28,2.71
605179,一鸣食品,21.46,86.05,86.05,139.07,0.62,4.28,17.05,-13.49,13.38,37.71,26.94,17.46,54.3,25,15,10,12,4.36,2.66
002547,春兴精工,4.73,53.36,52.26,-20.01,,11.29,22.91,-18.06,30.02,153.82,7.25,3.27,121.71,30,22,9,12,6.36,3.08
002691,冀凯股份,8.84,30.06,29.7,-49.16,,16.47,33.17,-20.2,24.56,107.24,14.2,4.46,218.39,24,25,9,12,5.71,3.22
603310,巍华新材,17.09,59.02,31.54,40.78,1.45,-2.06,16.3,-12.87,15.87,85.65,21.18,14.7,44.08,32,17,9,12,5.56,2.72
300215,电科院,6.88,51.54,34.39,-166.48,,18.62,16.54,-11.68,16.69,68.49,8.19,5.0,63.8,29,23,9,12,5.3,2.96
300538,同益股份,16.62,30.23,20.11,309.4,0.1,15.26,16.51,-11.02,27.63,152.82,20.71,11.66,77.62,20,18,8,12,6.86,2.96
002086,东方海洋,2.43,47.6,38.43,-33.87,,0.83,27.46,-22.34,26.32,123.23,3.77,2.28,65.35,25,20,8,12,6.64,3.3
000822,山东海化,5.5,49.23,49.23,-9.32,,7.21,9.55,-15.66,13.4,57.7,7.03,4.99,40.88,28,18,7,12,6.54,3.12
001379,腾达科技,24.38,48.76,16.41,57.84,0.84,15.11,12.18,-13.49,36.3,126.33,26.85,15.27,75.83,28,26,6,12,5.53,3.12
000779,甘咨询,8.56,39.79,39.78,18.92,2.1,9.6,22.45,-22.62,12.58,64.0,13.06,7.08,84.46,31,17,6,12,3.92,2.47
600579,中化装备,8.91,43.98,43.98,-122.29,,7.48,19.86,-11.58,16.58,59.76,11.21,5.77,94.28,27,18,6,12,6.62,3.0
300862,蓝盾光电,27.28,50.36,41.32,-64.0,,8.47,23.2,-15.15,18.06,50.26,31.46,18.75,67.79,25,23,6,12,6.62,3.19
002535,林州重机,3.93,31.51,29.33,33.16,0.95,0.77,8.44,-21.49,16.74,58.85,5.4,3.52,53.41,41,15,5,12,6.04,3.2
300891,惠云钛业,9.27,37.08,30.82,-248.04,,14.44,8.53,-14.03,13.84,46.04,11.87,6.75,75.85,33,24,5,12,4.82,2.64
002655,共达电声,12.93,46.79,46.78,55.6,0.84,7.21,20.0,-11.18,25.32,120.61,18.2,9.92,83.47,30,17,11,11,5.91,3.08
600758,辽宁能源,3.8,50.24,50.19,-37.38,,16.92,10.15,-16.52,9.48,40.97,4.73,3.02,56.62,28,18,10,11,4.63,2.79
600814,杭州解百,8.31,61.09,61.09,24.34,2.51,18.04,14.53,-7.21,9.31,32.77,9.53,6.44,47.98,28,16,9,11,3.27,2.68
301380,挖金客,41.75,42.33,33.71,118.83,0.36,19.46,19.36,-12.79,41.16,144.98,46.2,22.82,102.45,29,20,8,11,8.25,3.33
000560,我爱我家,2.96,69.72,66.78,123.54,0.56,-2.31,14.74,-14.13,29.0,108.12,4.02,2.71,48.34,32,20,8,11,4.11,2.56
300087,荃银高科,10.42,98.71,93.33,-41.13,,4.51,27.4,-10.51,16.24,84.69,12.93,8.59,50.52,30,22,8,11,6.13,3.25
000520,凤凰航运,4.71,47.67,47.67,-64.28,,6.32,16.19,-16.51,16.03,71.15,6.16,3.44,79.07,25,17,8,11,5.63,2.96
600227,赤天化,2.53,42.72,32.32,-21.02,,15.0,13.06,-11.64,14.19,63.7,3.17,1.85,71.35,25,18,8,11,5.34,2.98
002467,二六三,6.55,90.09,89.53,89.11,1.01,14.51,24.39,-15.4,31.22,107.81,7.98,4.28,86.45,23,18,7,11,4.54,2.95
000788,北大医药,6.68,39.81,39.81,21.96,1.81,15.37,21.4,-13.1,18.28,89.32,7.99,4.85,64.74,27,18,7,11,7.15,3.24
301348,蓝箭电子,24.06,57.74,37.33,-163.42,,18.64,10.37,-7.65,27.5,86.89,26.02,17.08,52.34,33,18,7,11,6.59,3.02
002561,徐家汇,9.64,40.08,39.95,-1446.56,,16.28,11.33,-6.94,15.45,60.42,10.3,7.24,42.27,23,19,7,11,4.17,2.83
300161,华中数控,31.55,62.69,61.52,-79.02,,16.16,22.75,-9.3,14.57,57.72,37.79,22.87,65.24,29,16,7,11,4.58,2.68
601010,文峰股份,2.84,52.48,52.48,231.62,0.23,10.51,23.7,-10.16,14.94,52.41,3.67,2.32,58.19,31,19,7,11,6.1,2.99
605366,宏柏新材,6.34,41.22,41.22,-42.66,,16.97,24.72,-14.77,10.01,49.34,8.26,4.72,75.0,28,20,7,11,5.4,3.07
603617,君禾股份,7.75,30.26,29.73,73.79,0.41,-4.67,27.23,-13.4,24.75,106.3,10.39,5.28,96.78,26,17,6,11,5.94,3.25
300915,海融科技,25.26,31.79,14.55,-153.77,,16.89,29.63,-12.26,17.12,72.89,33.03,19.85,66.4,38,19,6,11,6.91,3.48
300805,电声股份,12.53,53.18,36.13,118.74,0.45,12.08,15.08,-10.06,20.7,57.65,14.64,7.9,85.32,29,16,6,11,4.07,2.88
000888,峨眉山Ａ,13.37,70.45,70.45,22.56,3.12,7.39,8.52,-10.97,15.83,54.82,16.17,11.48,40.85,21,15,6,11,6.17,3.22
002642,荣联科技,8.76,57.95,57.95,678.69,0.09,15.72,13.28,-18.84,25.91,106.9,12.0,6.08,97.37,27,21,5,11,4.72,2.51
300510,金冠股份,4.48,36.95,36.95,-39.28,,14.87,12.94,-26.19,16.39,64.78,6.33,3.34,89.52,29,15,5,11,6.43,2.98
605337,李子园,12.01,46.85,46.85,23.76,1.97,13.62,19.78,-8.42,13.31,45.42,15.01,9.37,60.19,32,17,5,11,4.66,2.83
603085,天成自控,12.05,47.85,47.85,71.31,0.67,12.62,16.6,-8.79,14.65,76.66,16.5,8.77,88.14,22,18,4,11,4.7,2.75
002870,香山股份,37.33,49.3,48.14,40.84,1.21,17.24,11.58,-12.37,14.4,41.33,43.68,26.12,67.23,28,19,4,11,3.98,2.77
600279,重庆港,5.45,64.68,64.68,100.7,0.64,16.7,13.11,-10.38,8.09,39.99,7.3,4.36,67.43,32,20,4,11,6.7,3.06
600746,江苏索普,7.13,83.27,83.14,49.6,1.68,2.0,17.81,-10.72,4.52,28.22,10.44,6.4,63.12,31,17,15,10,7.36,3.05
603982,泉峰汽车,8.64,31.55,29.34,-10.27,,9.51,14.27,-11.42,16.05,75.07,11.99,6.22,92.77,29,15,12,10,6.83,3.17
600396,华电辽能,2.96,43.59,43.59,983.51,0.04,13.41,36.23,-12.5,12.42,63.58,4.12,2.23,84.75,27,18,11,10,5.23,3.19
603706,东方环宇,19.91,37.71,37.71,20.46,1.84,19.22,10.75,-10.31,6.14,31.52,25.17,14.7,71.22,25,19,11,10,6.67,3.1
688569,铁科轨道,21.98,46.3,46.3,38.37,1.21,10.45,12.55,-7.03,2.67,13.96,25.96,18.76,38.38,32,16,10,10,6.41,3.04
600822,上海物贸,11.26,55.85,44.61,212.3,0.26,17.54,40.13,-18.05,16.38,86.82,16.7,7.82,113.55,30,20,9,10,5.02,3.23
600249,两面针,5.92,32.56,32.56,103.96,0.31,15.4,16.91,-14.15,19.6,101.2,7.95,4.4,80.68,29,12,8,10,6.85,3.47
601007,金陵饭店,7.82,30.5,30.5,57.08,0.53,19.39,17.52,-8.96,19.1,82.18,9.24,6.05,52.73,27,17,8,10,5.61,2.95
603339,四方科技,14.8,45.8,45.8,33.21,1.38,16.63,23.17,-10.28,9.74,62.6,18.97,9.28,104.42,25,20,8,10,5.44,3.1
000020,深华发Ａ,14.41,40.8,26.11,143.9,0.28,13.46,23.99,-12.54,15.01,61.77,17.98,9.22,95.01,26,22,8,10,5.56,3.06
300708,聚灿光电,9.43,88.54,66.95,38.38,2.31,-4.55,7.09,-9.94,21.26,59.09,10.05,6.5,54.62,26,19,8,10,4.01,2.56
603209,兴通股份,15.37,49.95,49.41,19.34,2.58,4.7,15.59,-7.76,10.51,57.77,18.07,12.93,39.75,31,18,8,10,7.22,3.79
301149,隆华新材,10.94,47.04,28.58,35.15,1.34,9.18,17.03,-16.08,15.09,50.24,13.67,8.17,67.32,21,21,8,10,6.12,3.11
300261,雅本化学,7.19,69.26,67.31,-751.06,,15.78,15.49,-9.05,13.39,46.79,9.1,5.3,71.7,25,18,8,10,5.86,3.14
603219,富佳股份,17.44,97.91,97.91,62.7,1.56,17.36,17.75,-14.31,6.48,22.97,23.77,11.58,105.27,18,17,8,10,4.16,2.64
600903,贵州燃气,6.79,78.09,78.09,132.77,0.59,2.57,8.43,-6.89,4.65,16.62,7.62,6.34,20.19,27,14,8,10,4.68,2.86
300941,创识科技,23.87,48.87,25.37,239.17,0.2,-4.02,22.76,-20.82,45.05,134.96,33.29,16.32,103.98,31,24,7,10,4.88,2.82
002187,广百股份,8.98,62.94,62.94,-152.29,,12.53,20.64,-14.74,29.67,124.79,11.04,5.88,87.76,29,20,7,10,3.82,2.53
600470,六国化工,6.09,31.77,31.77,-11.49,,13.62,10.26,-12.12,24.89,116.78,7.5,4.84,54.96,34,18,7,10,4.88,2.84
002398,垒知集团,5.96,41.6,33.93,31.99,1.3,19.68,18.57,-16.26,30.53,115.35,7.22,3.75,92.53,27,19,7,10,4.87,2.97
603518,锦泓集团,10.05,34.71,34.56,22.81,1.52,3.5,27.92,-17.07,24.78,94.28,13.43,7.31,83.72,27,18,7,10,4.4,2.7
603628,清源股份,13.7,37.42,37.29,28.28,1.32,11.93,7.51,-13.55,15.4,61.3,16.77,9.92,69.05,27,15,7,10,3.92,2.87
301058,中粮科工,11.52,59.01,59.01,37.48,1.57,16.36,21.07,-12.19,10.93,50.3,14.73,9.24,59.42,27,15,7,10,6.57,3.37
000720,新能泰山,3.4,42.72,42.72,-807.56,,13.33,12.03,-12.04,6.68,27.43,4.43,2.29,93.45,29,14,7,10,8.18,3.69
002291,遥望科技,7.41,69.32,64.4,-12.54,,17.06,12.85,-20.48,33.85,115.83,9.28,4.76,94.96,27,21,6,10,3.78,2.65
603960,克来机电,20.26,53.12,53.12,174.57,0.3,5.19,7.93,-14.33,17.29,94.46,26.47,14.81,78.73,30,14,6,10,3.66,2.65
603128,华贸物流,6.11,79.98,79.98,19.56,4.09,2.52,17.48,-8.04,13.26,78.54,7.79,5.1,52.75,27,18,6,10,7.18,3.29
600628,新世界,8.3,53.69,53.69,62.45,0.86,6.14,23.11,-7.24,12.11,58.31,9.77,6.51,50.08,30,16,6,10,3.64,2.67
605166,聚合顺,10.54,33.17,33.17,17.82,1.86,-8.27,17.64,-17.18,13.15,57.36,14.05,9.28,51.4,26,17,6,10,4.91,2.91
300241,瑞丰光电,5.83,40.83,34.19,59.79,0.68,5.81,11.43,-11.3,16.81,57.0,7.09,3.91,81.33,32,13,6,10,4.13,2.77
603095,越剑智能,17.48,45.15,45.15,41.92,1.08,15.61,26.18,-11.0,7.9,33.76,19.68,12.01,63.86,29,17,6,10,4.09,2.79
600508,上海能源,12.33,89.11,89.11,26.2,3.4,0.9,6.29,-9.15,3.21,16.29,14.8,10.65,38.97,26,12,6,10,3.92,2.8
000037,深南电A,8.78,52.92,29.76,-199.02,,16.14,12.54,-9.17,17.68,115.06,11.41,6.9,65.36,31,19,5,10,6.64,3.12
002457,青龙管业,11.45,38.18,38.17,56.16,0.68,-1.8,11.88,-7.29,22.42,96.52,13.82,10.18,35.76,27,19,5,10,5.91,2.95
002453,华软科技,6.54,53.13,40.07,-31.98,,16.37,31.83,-18.79,24.56,75.23,9.76,4.26,129.11,32,21,5,10,4.84,2.9
002059,云南旅游,5.44,55.08,53.48,-31.27,,8.15,36.87,-18.37,12.8,75.11,8.09,4.77,69.6,31,17,5,10,4.31,2.77
601599,浙文影业,4.09,47.47,47.47,26.02,1.82,14.25,15.22,-7.92,10.47,50.01,4.49,2.98,50.67,30,12,5,10,7.24,3.12
600310,广西能源,3.9,57.16,57.16,54.81,1.04,-3.7,11.32,-20.34,10.28,45.32,5.52,3.69,49.59,27,15,5,10,3.44,2.5
600708,光明地产,3.48,77.56,77.44,-8.4,,-1.97,12.31,-11.69,6.99,21.69,4.51,2.55,76.86,24,17,5,10,3.94,2.63
600851,海欣股份,7.39,89.2,54.55,46.47,1.92,16.19,14.04,-14.94,6.89,17.69,7.75,5.16,50.19,34,15,5,10,4.8,2.89
002124,天邦食品,2.75,61.1,54.24,17.66,3.46,-9.54,8.99,-6.04,11.86,35.3,3.66,2.67,37.08,28,16,4,10,4.02,2.67
300653,正海生物,22.41,40.34,40.34,44.89,0.9,13.58,12.16,-10.14,7.38,24.17,23.95,18.63,28.56,27,18,4,10,4.35,2.68
600272,开开实业,15.03,39.48,24.05,230.09,0.17,10.84,14.34,-14.0,25.04,108.19,18.4,11.64,58.08,33,18,14,9,4.23,2.55
002334,英威腾,9.15,75.28,67.17,38.19,1.97,18.52,19.57,-10.39,22.86,124.89,11.02,6.49,69.8,23,15,9,9,3.32,2.49
002685,华东重机,7.6,76.58,76.57,143.57,0.53,16.92,11.85,-11.06,23.74,99.16,10.5,4.6,128.26,30,16,9,9,4.01,2.63
600573,惠泉啤酒,12.03,30.08,30.08,22.89,1.31,14.79,10.3,-8.29,12.29,83.84,15.59,10.01,55.74,29,18,9,9,5.68,2.85
605339,南侨食品,19.5,82.74,82.74,215.3,0.38,11.88,11.91,-7.35,3.54,17.53,23.26,14.85,56.63,26,20,9,9,6.63,3.39
002401,中远海科,16.98,63.11,63.06,356.67,0.18,15.83,17.46,-19.7,19.89,111.9,23.12,13.07,76.89,23,25,8,9,5.12,2.78
300847,中船汉光,17.95,53.13,53.13,46.26,1.15,7.74,22.01,-8.21,14.61,96.2,22.99,13.51,70.17,24,25,8,9,4.53,2.88
301211,亨迪药业,13.59,56.75,56.75,203.33,0.28,14.2,16.56,-14.58,22.12,93.0,16.95,9.21,84.04,27,19,8,9,7.83,3.39
002879,长缆科技,18.87,36.44,26.02,81.71,0.45,18.01,17.64,-13.6,22.18,82.66,21.13,13.13,60.93,30,18,8,9,5.04,3.29
002301,齐心集团,8.19,59.08,58.8,31.56,1.87,19.39,11.52,-11.72,13.42,55.66,8.95,5.57,60.68,27,17,8,9,6.46,3.0
600189,泉阳泉,7.29,52.14,52.14,158.48,0.33,5.35,11.39,-6.49,8.22,35.78,8.66,6.12,41.5,23,14,8,9,5.59,2.93
002986,宇新股份,11.04,41.97,33.34,-49.11,,-3.66,14.72,-8.28,7.06,31.98,13.98,9.21,51.79,28,15,8,9,6.15,3.51
000531,穗恒运Ａ,6.92,72.06,62.95,12.31,5.85,14.95,10.84,-11.48,5.98,18.84,7.45,5.17,44.1,27,16,8,9,5.68,3.21
603285,键邦股份,25.35,40.56,15.79,28.46,1.43,13.83,18.73,-16.42,35.77,177.44,33.38,18.31,82.3,31,15,7,9,5.94,3.04
000713,国投丰乐,6.8,41.75,41.75,-34.52,,-4.36,9.97,-6.75,14.3,118.87,9.75,6.44,51.4,29,12,7,9,7.44,3.7
300484,蓝海华腾,19.9,41.23,33.1,65.39,0.63,-0.95,13.81,-12.12,29.27,104.55,27.06,14.44,87.4,26,14,7,9,3.16,2.29
002178,延华智能,6.88,49.0,48.97,510.76,0.1,18.42,24.04,-14.36,24.51,92.49,8.42,4.8,75.42,25,21,7,9,4.0,2.87
300183,东软载波,15.74,72.81,63.99,-499.96,,-4.89,30.12,-9.61,13.12,87.08,25.18,13.69,83.93,25,10,7,9,4.32,2.59
000838,财信发展,2.96,32.57,31.19,-130.97,,19.35,18.57,-13.16,17.56,76.41,4.28,1.99,115.08,30,23,7,9,4.36,2.76
300582,英飞特,16.96,50.63,37.57,-48.21,,18.77,15.45,-14.87,20.02,63.27,18.78,8.97,109.36,30,15,7,9,5.56,3.17
600439,瑞贝卡,2.86,32.37,32.37,207.39,0.16,-11.73,19.01,-14.86,17.16,60.26,4.6,2.66,72.93,29,18,7,9,4.83,2.88
002692,远程股份,5.32,38.21,38.18,58.02,0.66,17.96,14.29,-11.77,16.81,59.36,6.67,3.88,71.91,33,16,7,9,7.01,2.9
002330,得利斯,4.93,31.32,31.31,434.71,0.07,18.51,8.88,-11.09,11.41,51.75,5.8,3.94,47.21,34,17,7,9,5.44,3.0
000011,深物业A,8.9,53.04,46.86,123.46,0.43,9.88,15.65,-8.87,7.97,49.42,11.64,7.16,62.57,34,14,7,9,5.84,3.28
603421,鼎信通讯,7.23,47.15,47.15,-10.52,,5.39,13.23,-12.65,10.99,48.98,8.98,5.21,72.36,27,13,7,9,6.34,3.4
600308,华泰股份,3.95,59.92,59.92,61.91,0.97,16.18,11.02,-10.23,6.35,48.68,4.63,3.03,52.81,27,15,7,9,6.88,3.67
603135,中重科技,9.61,60.5,24.28,-1439.03,,2.89,15.17,-13.43,12.9,48.31,12.62,7.7,63.9,37,18,7,9,4.98,3.18
600551,时代出版,8.65,58.65,58.65,15.86,3.7,11.04,22.8,-8.75,9.29,37.87,10.57,7.1,48.87,29,16,7,9,8.36,3.57
600817,宇通重工,11.47,61.17,60.7,24.51,2.5,3.24,11.81,-9.83,4.46,26.85,13.92,9.26,50.32,25,16,7,9,5.03,3.35
300908,仲景食品,28.83,42.09,35.5,20.52,2.05,-1.84,7.02,-9.04,6.6,18.06,33.76,25.34,33.23,33,12,7,9,3.11,2.36
001239,永达股份,16.5,39.6,18.81,41.28,0.96,17.44,24.84,-24.29,24.87,109.55,21.07,12.31,71.16,24,16,6,9,6.32,3.53
300293,蓝英装备,22.18,75.07,62.18,-179.24,,-0.27,17.09,-9.99,26.5,109.54,30.17,17.65,70.93,26,14,6,9,7.86,3.24
300545,联得装备,33.58,62.28,40.15,48.35,1.29,3.93,22.87,-12.77,28.11,91.2,41.38,23.18,78.52,30,19,6,9,4.89,2.81
000721,西安饮食,9.13,52.4,46.78,-46.38,,6.04,14.53,-17.86,26.56,73.28,11.3,7.95,42.14,32,17,6,9,5.1,2.89
002224,三 力 士,4.49,40.51,36.21,109.86,0.37,4.18,5.75,-10.29,11.93,70.88,5.2,3.73,39.41,36,13,6,9,9.96,4.25
002095,生 意 宝,19.67,49.71,49.51,-1327.88,,9.4,21.16,-12.27,19.85,69.2,23.39,13.15,77.87,29,18,6,9,4.4,2.83
301011,华立科技,27.99,43.08,39.21,48.31,0.89,-3.72,13.19,-15.18,19.16,62.25,35.91,20.79,72.73,29,17,6,9,4.31,2.71
000509,华塑控股,3.45,37.02,37.02,-281.73,,11.29,16.67,-10.85,9.41,56.33,4.2,2.56,64.06,31,17,6,9,5.39,3.08
002786,银宝山新,8.88,44.01,43.88,-294.2,,-2.2,11.64,-9.53,14.77,55.29,11.57,7.08,63.42,28,17,6,9,5.05,2.94
603886,元祖股份,13.83,33.19,33.19,18.99,1.75,10.29,8.87,-8.49,8.59,53.24,15.06,11.47,31.3,29,16,6,9,4.92,2.94
300232,洲明科技,7.94,86.34,70.14,51.33,1.68,10.58,17.24,-12.92,16.0,51.14,8.85,5.03,75.94,27,12,6,9,4.93,2.83
002833,弘亚数控,16.75,71.06,48.33,15.7,4.53,0.06,9.14,-8.41,8.68,45.53,19.28,13.74,40.32,25,15,6,9,5.3,2.87
000767,晋控电力,2.93,90.15,85.33,21.44,4.2,19.11,16.98,-9.31,7.89,43.1,3.6,2.32,55.17,31,15,6,9,3.89,2.84
002238,天威视讯,8.88,71.27,71.27,-125.52,,15.32,16.25,-11.34,8.52,33.28,11.01,6.79,62.15,29,18,6,9,4.4,2.74
301376,致欧科技,19.04,76.63,36.87,21.15,3.62,-0.99,11.64,-11.31,6.99,24.07,22.57,14.41,56.63,35,12,6,9,4.75,2.82
300380,安硕信息,45.15,62.51,57.51,357.08,0.18,-14.13,16.73,-13.85,33.65,105.29,63.94,38.21,67.34,31,15,5,9,3.56,2.7
603118,共进股份,11.9,93.69,93.69,81.43,1.15,13.33,27.95,-16.21,27.23,104.97,16.1,7.31,120.25,22,13,5,9,3.62,2.52
300375,鹏翎股份,5.55,42.17,28.28,67.68,0.62,16.35,9.6,-11.76,25.56,87.16,6.3,3.59,75.49,25,15,5,9,5.19,2.98
300076,GQY视讯,8.35,35.4,35.4,-84.12,,19.63,17.99,-16.01,20.44,79.08,9.96,5.84,70.55,28,12,5,9,4.53,2.62
002722,物产金轮,15.78,35.09,30.18,26.95,1.3,10.74,13.1,-9.74,18.01,66.31,20.89,11.28,85.2,25,20,5,9,5.83,3.42
300193,佳士科技,9.15,43.58,38.4,20.36,2.14,-0.65,10.83,-16.39,11.99,62.27,11.8,7.78,51.67,35,10,5,9,5.28,2.71
000886,海南高速,6.66,65.86,65.12,-464.65,,7.25,9.58,-14.74,18.95,59.39,8.28,5.25,57.71,29,20,5,9,4.38,2.57
000025,特  力Ａ,17.94,77.33,70.46,46.92,1.65,14.63,31.98,-19.3,14.79,58.73,21.14,13.76,53.63,30,17,5,9,4.74,3.02
688529,豪森智能,19.87,33.42,33.42,-9.7,,17.02,31.1,-11.73,11.63,57.76,27.0,13.43,101.04,33,12,5,9,6.07,3.29
300729,乐歌股份,14.26,48.71,45.41,21.62,2.25,-2.53,19.87,-13.71,11.74,56.93,17.82,10.7,66.54,32,16,5,9,4.37,2.75
603381,永臻股份,20.32,48.21,28.88,1650.59,0.03,-1.74,8.64,-9.1,16.06,49.67,26.38,17.44,51.26,30,17,5,9,6.28,3.12
600180,瑞茂通,3.67,39.88,39.88,40.01,1.0,-7.79,36.26,-22.61,8.82,46.9,6.03,3.44,75.29,25,14,5,9,8.82,3.45
600818,中路股份,10.0,32.14,23.8,-127.66,,-6.45,13.11,-14.2,12.16,46.75,13.39,8.9,50.45,25,14,5,9,5.92,3.14
600825,新华传媒,6.93,72.41,72.41,430.99,0.17,13.61,15.33,-9.57,9.56,44.76,8.55,5.21,64.11,27,14,5,9,5.02,3.29
600449,宁夏建材,12.57,60.11,60.11,20.36,2.95,-6.47,9.45,-7.98,8.68,44.69,17.6,11.59,51.86,32,15,5,9,5.05,2.98
002641,公元股份,4.46,54.82,50.58,90.81,0.6,7.47,23.49,-15.88,6.35,37.65,5.61,3.72,50.81,31,14,5,9,7.44,3.01
601113,华鼎股份,4.79,52.89,52.89,21.13,2.5,16.83,12.31,-9.11,11.29,37.1,4.98,3.4,46.47,27,16,5,9,5.09,3.1
002606,大连电瓷,9.29,40.79,39.12,26.51,1.54,-4.13,7.94,-11.88,11.76,30.44,10.24,7.32,39.89,31,14,5,9,3.56,2.74
603507,振江股份,28.51,52.54,51.82,90.55,0.58,16.7,17.52,-22.82,29.29,95.97,30.73,20.95,46.68,26,25,4,9,5.95,2.78
301618,长联科技,53.95,48.67,17.89,108.05,0.45,-6.97,17.8,-13.67,24.57,77.76,68.26,43.24,57.86,31,14,4,9,5.22,2.77
300860,锋尚文化,30.19,56.89,33.03,494.05,0.12,9.82,22.42,-9.88,19.8,67.11,36.0,20.98,71.59,35,15,4,9,4.88,2.93
600239,云南城投,2.38,38.22,38.22,-81.37,,-4.03,11.34,-8.78,11.7,35.36,3.0,2.01,49.25,32,15,4,9,4.58,2.85
688209,英集芯,21.83,94.7,94.7,62.05,1.53,18.71,28.21,-10.92,10.2,30.41,25.19,14.65,71.95,28,11,4,9,4.25,2.78
300808,久量股份,28.95,46.32,34.42,-73.07,,18.84,19.7,-10.9,10.93,29.47,37.78,21.22,78.04,26,13,4,9,3.38,2.52
605089,味知香,26.3,36.29,36.29,51.46,0.71,15.25,12.81,-8.24,5.38,25.65,32.78,21.3,53.9,31,13,3,9,4.02,2.81
301558,三态股份,9.24,72.89,20.26,171.66,0.42,0.22,21.86,-8.86,42.5,227.36,11.65,6.27,85.81,33,11,13,8,6.33,3.86
301399,英特科技,20.14,37.26,11.01,126.89,0.29,12.26,21.01,-13.14,35.64,128.24,25.36,11.97,111.86,27,13,10,8,6.43,3.53
300781,因赛集团,47.68,78.28,57.77,214.42,0.37,14.45,18.37,-12.88,30.71,113.36,55.0,25.58,115.01,27,23,10,8,5.05,3.04
000968,蓝焰控股,7.08,68.5,68.5,19.17,3.57,15.12,14.14,-11.52,6.71,31.49,8.87,5.59,58.68,27,16,10,8,5.92,3.18
300522,世名科技,12.9,41.6,33.94,168.81,0.25,-6.79,15.04,-10.95,18.35,92.98,18.12,11.14,62.66,31,14,9,8,5.69,3.11
001269,欧晶科技,24.05,46.27,46.27,-39.81,,3.22,13.32,-10.96,18.44,84.54,31.48,18.01,74.79,27,14,9,8,4.9,3.02
300160,秀强股份,5.78,44.68,44.06,19.59,2.28,10.31,16.21,-9.58,10.17,66.5,6.98,4.31,61.95,31,11,9,8,10.05,3.76
600643,爱建集团,5.69,90.65,90.49,36.21,2.5,16.6,39.24,-8.7,8.58,76.81,8.16,4.29,90.21,31,15,8,8,6.02,3.12
300135,宝利国际,4.09,37.69,37.69,-279.11,,0.49,15.24,-9.75,13.66,65.91,5.45,3.24,68.21,32,20,8,8,5.95,3.01
920510,丰光精密,19.95,36.75,18.73,-313.69,,8.25,23.07,-10.35,19.8,54.16,28.8,16.22,77.56,33,19,8,8,4.86,2.59
605007,五洲特纸,13.83,65.79,55.53,27.27,2.41,11.62,33.76,-13.45,3.61,21.77,15.61,10.75,45.21,25,14,8,8,8.91,4.13
002615,哈尔斯,7.73,36.04,23.66,27.0,1.33,-3.01,32.77,-22.54,22.83,166.36,11.28,5.75,96.17,29,15,7,8,5.13,3.28
301089,拓新药业,30.6,38.72,27.84,-96.29,,13.71,45.03,-10.25,26.27,124.72,41.5,23.2,78.88,23,15,7,8,5.82,2.96
002154,报 喜 鸟,3.92,57.21,46.25,18.18,3.15,-5.31,22.51,-11.11,14.18,94.07,5.02,3.55,41.41,30,11,7,8,7.03,3.57
001258,立新能源,7.4,69.07,69.07,39.03,1.77,18.97,28.72,-14.05,15.02,86.78,9.06,6.05,49.75,29,18,7,8,4.14,2.95
300654,世纪天鸿,11.49,42.07,40.47,122.23,0.34,-4.33,22.8,-13.57,24.15,79.25,14.14,8.35,69.34,31,21,7,8,6.77,3.01
603366,日出东方,9.86,80.17,80.17,163.9,0.49,-9.62,17.17,-13.46,18.91,73.65,15.65,7.78,101.16,25,23,7,8,6.35,2.93
300370,安控科技,2.76,43.2,43.1,-49.91,,-5.48,20.0,-11.21,14.69,43.67,3.74,2.25,66.22,31,17,7,8,3.74,2.41
600992,贵绳股份,13.74,33.68,33.68,-41.02,,0.73,11.26,-10.53,13.34,38.44,17.34,11.8,46.95,22,20,7,8,4.52,2.85
603718,海利生物,6.66,43.42,43.22,160.17,0.27,-2.06,10.19,-12.95,8.09,37.24,7.93,5.93,33.73,23,16,7,8,5.69,3.27
600876,凯盛新能,10.01,64.63,39.61,-8.13,,10.85,19.55,-11.68,5.81,33.07,13.1,8.23,59.17,30,21,7,8,6.63,3.13
002640,跨境通,4.67,72.76,72.3,-324.33,,-0.85,26.42,-21.84,60.93,205.46,6.48,2.48,161.29,31,16,6,8,3.35,2.65
600727,鲁北化工,7.05,37.27,37.27,64.42,0.58,-2.89,10.99,-9.35,16.34,94.67,9.75,6.58,48.18,32,17,6,8,5.15,3.08
603777,来伊份,13.72,45.88,45.88,-27.46,,-16.03,14.45,-26.2,21.98,89.5,24.6,11.55,112.99,32,20,6,8,5.26,2.84
300050,世纪鼎利,5.79,31.55,31.53,153.23,0.21,9.45,15.61,-9.61,21.18,87.26,7.47,4.02,85.82,25,10,6,8,5.73,3.05
920971,天马新材,32.15,33.79,27.55,236.76,0.14,19.47,24.91,-12.42,26.05,57.6,47.99,21.8,120.14,31,14,6,8,3.19,2.49
301587,中瑞股份,24.25,35.73,17.81,106.62,0.34,8.99,9.36,-15.27,20.43,57.13,26.81,16.56,61.9,30,17,6,8,4.31,2.67
002234,民和股份,8.94,31.2,26.95,-10.16,,10.23,9.45,-7.66,11.4,55.08,10.65,7.76,37.24,27,13,6,8,3.57,2.63
300303,聚飞光电,6.98,98.89,92.78,35.16,2.81,1.6,7.51,-9.87,14.6,54.63,7.75,4.78,62.13,32,13,6,8,3.24,2.4
000090,天健集团,3.78,70.63,70.63,263.17,0.27,-2.07,16.54,-9.01,7.93,46.0,4.88,3.34,46.11,32,11,6,8,3.92,2.83
603722,阿科力,41.85,40.9,40.05,-187.11,,0.94,16.69,-14.06,8.81,38.49,57.38,32.35,77.37,26,22,6,8,4.3,2.74
000912,泸天化,4.25,66.64,66.64,2718.5,0.02,-3.85,13.52,-8.51,4.38,18.98,5.21,4.01,29.93,28,11,6,8,7.73,3.23
300245,天玑科技,13.69,41.76,41.67,-72.99,,0.66,37.04,-9.73,36.17,222.77,29.13,11.3,157.79,25,18,5,8,3.66,2.53
603350,安乃达,38.65,45.01,17.01,35.14,1.28,18.67,19.4,-10.27,37.04,133.89,46.36,26.25,76.61,19,17,5,8,6.03,3.11
300172,中电环保,5.74,38.84,30.05,32.78,1.18,17.14,9.36,-8.27,23.75,97.99,6.72,4.27,57.38,31,16,5,8,6.41,3.0
600340,华夏幸福,2.18,85.32,84.88,-0.65,,-5.63,26.27,-14.89,19.83,90.51,3.64,1.85,96.76,26,18,5,8,5.74,3.1
301041,金百泽,28.43,30.33,22.44,323.56,0.09,16.04,16.07,-14.18,24.53,88.09,34.96,17.96,94.65,30,13,5,8,4.42,2.82
300565,科信技术,13.11,32.74,29.92,-35.22,,5.9,17.28,-11.85,25.16,86.13,15.89,8.58,85.2,31,14,5,8,5.58,3.25
002614,奥佳华,7.36,45.89,32.46,62.26,0.74,16.64,8.59,-16.14,15.89,75.61,8.45,5.21,62.19,31,11,5,8,3.62,2.54
300374,中铁装配,16.33,40.16,31.83,-57.79,,-4.17,10.8,-5.46,21.76,75.4,21.0,13.78,52.39,29,18,5,8,7.33,3.02
301592,六九一二,124.53,87.17,29.09,-290.55,,-6.97,11.89,-10.22,28.46,73.98,184.31,109.31,68.61,32,18,5,8,4.28,2.54
301195,北路智控,36.62,48.36,32.12,34.63,1.4,16.74,11.97,-10.05,14.25,69.49,41.9,25.85,62.09,25,15,5,8,4.41,2.88
002455,百川股份,7.05,41.9,36.61,653.7,0.06,-6.62,7.58,-12.92,20.37,61.13,8.99,6.06,48.35,30,16,5,8,4.76,2.47
300647,超频三,7.27,33.25,33.2,1140.47,0.03,19.38,14.26,-10.43,20.29,60.06,8.42,4.28,96.73,31,17,5,8,6.35,3.04
300150,世纪瑞尔,5.7,33.35,26.23,60.07,0.56,18.26,10.19,-10.89,21.51,58.19,6.86,3.55,93.24,29,17,5,8,5.04,2.85
002761,浙江建投,8.77,94.87,94.87,47.15,2.01,7.61,9.84,-5.01,8.6,50.33,11.39,7.5,51.87,29,11,5,8,6.53,3.85
600293,三峡新材,3.24,37.59,37.59,-47.1,,1.89,9.45,-13.51,11.94,48.06,3.74,2.46,52.03,27,13,5,8,4.78,2.89
002302,西部建设,6.26,79.02,79.02,-29.96,,5.92,10.5,-6.83,6.77,42.55,8.35,5.19,60.89,30,14,5,8,9.98,3.07
603178,圣龙股份,18.88,44.63,44.63,-45.89,,7.09,16.61,-17.7,14.48,42.2,24.59,14.67,67.62,30,20,5,8,4.85,2.95
002960,青鸟消防,11.16,97.69,83.45,30.78,3.17,16.13,14.7,-11.46,9.7,38.69,14.19,8.15,74.11,28,18,5,8,6.79,2.86
603324,盛剑科技,26.5,39.14,39.14,95.58,0.41,4.41,9.63,-10.78,7.95,29.72,29.29,21.1,38.82,32,20,5,8,7.83,3.03
301332,德尔玛,9.7,44.77,25.7,37.85,1.18,-0.92,6.4,-13.86,9.17,25.72,11.9,8.21,44.95,25,11,5,8,5.0,2.99
603711,香飘飘,13.72,56.65,56.65,-47.62,,-4.99,8.98,-9.09,7.24,25.5,17.3,12.25,41.22,36,17,5,8,4.79,2.85
002543,万和电气,10.22,76.0,67.62,11.89,6.39,-4.49,18.19,-11.09,4.81,24.61,14.17,8.46,67.49,27,13,5,8,4.42,2.95
001282,三联锻造,21.99,48.86,17.19,40.06,1.22,14.71,25.79,-14.47,47.41,163.64,28.43,13.46,111.22,27,12,4,8,4.04,2.71
002559,亚威股份,10.36,56.96,51.84,41.84,1.36,6.47,15.01,-13.05,28.99,145.76,13.05,7.54,73.08,28,13,4,8,4.3,2.84
002877,智能自控,9.48,33.73,22.8,149.29,0.23,12.06,20.81,-13.89,19.8,119.97,12.0,6.45,86.05,25,12,4,8,9.84,3.59
300040,九洲集团,6.66,42.85,34.46,74.54,0.57,17.67,19.05,-11.02,39.38,116.02,9.09,5.16,76.16,33,17,4,8,3.9,2.57
600400,红豆股份,2.48,56.83,56.83,-19.49,,10.71,26.14,-12.01,11.97,63.82,4.03,1.93,108.81,26,17,4,8,4.91,3.16
603477,巨星农牧,17.42,88.85,88.85,62.16,1.43,5.58,13.27,-7.12,14.63,54.65,24.83,15.58,59.37,28,13,4,8,3.13,2.38
600622,光大嘉宝,2.9,43.49,43.49,-5.89,,-5.54,25.95,-15.66,21.74,52.0,4.14,2.38,73.95,26,19,4,8,4.76,2.78
002707,众信旅游,7.51,73.8,61.97,82.59,0.89,-0.79,8.94,-11.51,20.54,51.95,9.85,6.41,53.67,27,13,4,8,3.47,2.44
001205,盛航股份,16.27,30.59,25.95,31.31,0.98,-5.84,7.35,-10.42,11.87,45.68,19.49,14.18,37.45,30,17,4,8,5.78,3.05
600419,天润乳业,10.0,31.55,31.55,-222.93,,15.47,13.47,-11.31,11.51,40.0,11.86,8.08,46.78,31,17,4,8,3.64,2.54
688089,嘉必优,20.19,33.98,33.98,19.7,1.72,3.54,15.82,-12.16,11.57,28.05,31.13,16.73,86.07,26,20,4,8,6.57,2.95
688132,邦彦技术,20.61,31.37,22.36,-32.97,,14.5,9.5,-16.09,10.67,24.85,23.5,15.02,56.46,27,11,4,8,4.12,2.58
301186,超达装备,48.31,38.83,36.46,26.47,1.47,15.16,11.3,-19.31,8.27,24.26,53.34,29.17,82.86,29,19,4,8,4.38,2.51
300061,旗天科技,11.27,74.27,70.12,-199.72,,-5.45,14.41,-9.35,20.42,77.68,17.7,8.76,102.05,25,18,3,8,3.64,2.56
600088,中视传媒,17.95,71.39,71.39,-502.56,,3.22,8.28,-9.7,6.37,17.93,19.44,14.96,29.95,29,17,3,8,4.83,2.66
603567,珍宝岛,9.52,89.58,89.44,-18.01,,-11.52,10.6,-12.12,3.89,15.55,13.33,8.79,51.65,33,14,3,8,4.25,2.84
603788,宁波高发,16.47,36.74,36.74,17.69,2.08,19.35,24.69,-10.49,10.52,67.8,22.1,11.6,90.52,28,13,11,7,4.69,2.79
600557,康缘药业,14.9,84.36,84.36,31.69,2.66,13.57,17.05,-9.48,10.93,40.85,20.2,11.95,69.04,21,14,11,7,4.34,2.74
002952,亚世光电,21.3,35.0,28.04,210.09,0.17,3.25,13.94,-14.74,16.72,57.13,24.5,14.09,73.88,27,23,10,7,5.57,2.99
600715,文投控股,2.31,93.78,66.12,1912.52,0.05,12.68,15.99,-11.54,8.35,40.91,3.27,1.84,77.72,25,15,10,7,4.95,2.91
001229,魅视科技,41.35,42.36,21.78,79.05,0.54,18.62,11.73,-10.12,28.47,154.21,44.84,24.91,80.01,26,14,9,7,4.58,2.66
300465,高伟达,21.26,94.34,94.34,331.44,0.28,7.32,24.43,-12.48,35.19,107.32,28.8,11.72,145.73,27,24,9,7,3.96,2.54
000525,红太阳,5.61,73.11,62.37,-20.2,,-3.44,11.38,-14.52,13.72,73.48,9.93,5.37,84.92,27,12,9,7,3.91,2.83
600650,锦江在线,16.4,90.46,64.05,74.4,1.22,17.48,25.11,-13.61,17.99,61.35,20.57,11.39,80.6,25,22,9,7,5.08,2.74
002855,捷荣技术,16.84,41.5,41.46,-10.99,,-5.66,13.13,-11.8,9.88,37.64,23.65,13.48,75.45,27,20,9,7,6.51,2.99
001390,古麒绒材,25.18,50.36,12.59,27.25,1.85,-6.81,12.53,-14.58,67.26,208.25,39.0,21.5,81.4,13,14,8,7,3.91,2.8
002953,日丰股份,12.01,59.04,25.54,31.86,1.85,15.15,25.21,-18.26,26.69,145.32,16.2,8.13,99.26,26,11,8,7,8.3,3.47
300890,翔丰华,30.99,36.92,33.73,138.82,0.27,12.2,11.72,-16.19,34.46,87.01,39.47,22.25,77.39,26,15,8,7,3.23,2.36
000718,苏宁环球,2.39,72.53,54.54,54.3,1.34,11.16,47.75,-14.38,10.32,86.35,3.72,1.81,105.52,32,10,8,7,5.69,3.46
300256,星星科技,4.11,93.23,92.2,-1235.35,,4.85,26.38,-14.16,21.88,69.88,6.07,3.31,83.38,23,17,8,7,4.91,2.79
002283,天润工业,6.3,71.79,63.22,19.21,3.74,16.45,14.67,-10.97,14.0,68.53,8.15,4.71,73.04,26,13,8,7,5.26,2.92
600327,大东方,5.18,45.83,45.83,61.76,0.74,5.93,15.53,-12.54,19.36,68.0,6.49,4.28,51.64,31,13,8,7,8.18,3.7
688570,天玛智控,19.09,82.66,35.93,78.63,1.05,3.13,15.45,-8.17,4.3,17.18,24.57,16.32,50.55,23,10,8,7,5.28,3.21
603053,成都燃气,9.91,88.09,88.09,15.87,5.55,10.11,6.52,-8.52,2.3,9.86,11.86,8.43,40.69,29,19,8,7,4.01,2.67
301595,太力科技,50.6,54.79,12.33,77.32,0.71,16.48,15.77,-12.91,57.96,330.98,66.63,34.88,91.03,20,13,7,7,5.25,2.96
603273,天元智能,19.96,42.78,11.19,164.33,0.26,16.73,15.43,-12.84,39.02,160.44,23.96,13.33,79.74,34,22,7,7,4.06,2.72
300047,天源迪科,14.08,89.79,76.97,174.46,0.51,16.65,13.82,-15.07,47.23,136.57,21.28,9.89,115.17,25,16,7,7,5.0,2.8
002593,日上集团,5.82,46.78,32.53,44.89,1.04,18.05,17.14,-16.29,37.29,121.7,7.7,3.58,115.08,24,18,7,7,6.98,3.18
301311,昆船智能,19.32,46.37,46.37,-83.7,,8.85,11.85,-11.53,35.95,117.16,24.49,14.25,71.86,28,18,7,7,4.94,2.81
001314,亿道信息,46.07,65.71,23.87,705.85,0.09,3.93,16.96,-12.73,44.91,115.13,59.98,34.51,73.8,25,14,7,7,3.59,2.54
002119,康强电子,18.05,67.74,67.74,52.69,1.29,2.44,17.24,-15.51,30.22,111.78,21.08,12.65,66.64,24,22,7,7,4.59,2.62
301278,快可电子,35.66,31.99,18.33,120.2,0.27,9.19,9.36,-14.57,19.39,78.76,42.65,26.3,62.17,27,12,7,7,5.16,2.94
002753,永东股份,7.22,30.95,17.53,47.48,0.65,17.97,11.18,-9.38,14.29,73.99,8.88,5.42,63.84,36,13,7,7,6.65,3.31
002727,一心堂,13.57,79.47,53.92,22.19,3.58,15.2,39.35,-11.5,15.16,72.9,19.1,11.24,69.93,31,17,7,7,5.78,3.19
601366,利群股份,4.96,46.28,46.28,252.7,0.18,-0.6,31.33,-11.17,7.33,71.12,6.46,4.27,51.29,32,10,7,7,6.23,3.62
301281,科源制药,31.31,33.91,21.56,80.8,0.42,11.46,14.9,-10.8,17.81,70.66,41.53,24.4,70.2,29,18,7,7,5.3,3.31
603375,盛景微,38.1,38.35,24.3,149.42,0.26,6.42,12.88,-8.56,21.76,70.44,45.97,28.23,62.84,30,20,7,7,5.07,2.65
300917,特发服务,40.69,68.77,68.77,56.75,1.21,-12.15,15.01,-11.97,21.68,56.38,57.25,36.75,55.78,28,17,7,7,3.3,2.43
688337,普源精电,41.06,79.6,76.34,146.83,0.54,12.22,17.88,-9.23,16.83,54.16,50.0,29.35,70.36,29,19,7,7,3.29,2.59
603648,畅联股份,10.86,39.36,39.36,32.34,1.22,18.3,10.62,-12.28,9.78,35.05,12.2,8.12,50.25,33,17,7,7,4.5,2.7
300802,矩子科技,20.01,56.84,38.96,51.7,1.1,13.76,12.6,-9.73,10.05,34.75,23.68,13.64,73.61,29,12,7,7,4.45,2.82
300341,麦克奥迪,18.2,94.17,93.8,49.01,1.92,7.76,17.0,-10.09,10.34,32.94,21.37,12.9,65.66,25,17,7,7,5.21,2.88
688219,会通股份,12.67,69.63,69.63,31.43,2.22,15.92,17.74,-11.95,11.81,30.34,15.36,9.11,68.61,29,12,7,7,3.48,2.57
001395,亚联机械,43.82,38.23,8.63,20.58,1.86,-10.35,51.32,-16.64,63.3,273.96,68.38,33.15,106.27,25,11,6,7,4.2,2.63
301366,一博科技,37.97,79.56,28.97,347.43,0.23,13.75,14.77,-9.83,42.21,139.59,53.76,27.63,94.57,24,21,6,7,4.01,2.54
600255,鑫科材料,3.94,71.16,71.16,272.73,0.26,-3.9,23.87,-12.53,33.15,134.67,5.04,2.57,96.11,30,17,6,7,4.79,2.85
002520,日发精机,6.28,47.12,45.06,-13.25,,8.09,25.95,-20.4,36.49,115.88,8.76,4.73,85.2,28,17,6,7,5.51,2.97
300543,朗科智能,11.52,35.29,28.82,88.05,0.4,9.09,25.05,-13.23,28.05,105.13,15.87,7.98,98.87,29,17,6,7,4.55,2.6
600789,鲁抗医药,9.52,99.5,85.55,52.85,1.88,7.81,12.4,-12.7,31.9,100.76,11.86,8.66,36.95,27,13,6,7,4.17,2.85
300663,科蓝软件,19.36,92.63,88.58,-658.34,,13.62,23.07,-10.28,27.82,81.56,22.55,12.51,80.26,29,17,6,7,4.89,2.7
001376,百通能源,15.76,72.64,33.69,41.16,1.76,17.09,20.72,-9.61,19.87,75.86,18.5,10.96,68.8,34,17,6,7,5.95,2.93
603038,华立股份,16.97,45.59,45.59,73.05,0.62,10.48,20.64,-13.71,16.18,63.46,23.38,10.94,113.71,26,17,6,7,6.55,3.43
300317,珈伟新能,4.0,33.21,33.16,-60.58,,15.94,11.33,-14.32,17.17,59.23,4.86,2.9,67.59,29,12,6,7,4.49,2.65
605006,山东玻纤,7.17,43.81,43.02,-15369.9,,18.71,18.36,-9.3,12.52,57.98,9.55,4.88,95.7,28,17,6,7,7.22,3.39
300441,鲍斯股份,7.96,51.3,49.87,23.91,2.15,-7.76,17.7,-10.45,10.85,47.65,11.96,7.26,64.74,27,13,6,7,3.54,2.71
920139,华岭股份,22.17,59.75,57.27,-156.29,,-9.62,21.18,-13.0,14.72,40.82,32.49,16.7,94.55,29,16,6,7,3.58,2.55
688468,科美诊断,8.09,32.45,32.45,58.56,0.55,19.67,15.92,-10.65,6.91,40.41,9.12,5.92,54.05,27,10,6,7,7.46,3.46
603855,华荣股份,19.83,66.93,66.54,16.76,3.99,2.06,27.07,-8.29,7.45,39.41,25.82,15.54,66.15,30,20,6,7,7.38,3.45
003028,振邦智能,31.21,45.16,22.01,44.65,1.01,8.11,15.99,-16.41,13.84,39.31,37.93,25.47,48.92,33,12,6,7,4.33,2.67
002030,达安基因,6.55,91.93,91.93,-48.72,,18.87,11.62,-7.63,8.31,37.06,7.77,5.11,52.05,25,16,6,7,6.99,3.3
002101,广东鸿图,12.47,82.85,82.58,29.6,2.8,9.0,14.86,-15.0,7.98,31.17,15.66,9.52,64.5,26,14,6,7,4.8,2.77
600834,申通地铁,8.8,42.01,42.01,88.92,0.47,12.97,14.36,-8.5,6.4,28.51,9.8,6.96,40.8,29,18,6,7,9.52,3.03
002637,赞宇科技,10.33,48.59,45.73,24.18,2.01,6.71,16.72,-9.39,8.8,28.38,12.48,7.5,66.4,30,15,6,7,4.02,2.69
300411,金盾股份,12.23,49.72,37.8,256.73,0.19,-2.63,16.98,-14.11,24.9,146.62,17.0,9.4,80.85,34,16,5,7,6.27,3.16
920060,万源通,33.72,51.27,31.97,38.4,1.34,7.94,16.09,-10.52,38.42,135.01,43.84,23.53,86.32,27,12,5,7,4.31,2.86
300120,经纬辉开,8.77,50.37,46.26,-407.69,,-1.24,16.22,-9.81,23.67,90.64,12.32,6.57,87.52,26,19,5,7,4.78,2.67
300859,西域旅游,37.87,58.7,58.7,44.66,1.31,11.81,21.64,-22.79,24.17,79.73,58.88,31.56,86.57,32,10,5,7,5.14,2.82
002542,中化岩土,3.86,69.72,67.89,-17.69,,16.97,18.37,-12.86,18.72,75.04,5.18,2.6,99.23,27,22,5,7,4.55,3.23
002556,辉隆股份,6.04,57.17,57.12,26.03,2.2,17.28,13.44,-10.79,11.74,70.97,7.42,4.68,58.55,32,19,5,7,6.21,2.94
000812,陕西金叶,4.79,36.82,36.79,233.94,0.16,3.9,8.64,-7.52,13.75,68.77,5.71,3.75,52.27,35,8,5,7,7.31,3.57
601616,广电电气,4.19,35.77,35.77,-350.42,,-0.48,12.71,-14.16,16.57,64.24,5.21,3.34,55.99,37,13,5,7,4.92,3.06
600975,新五丰,5.96,74.48,74.48,-424.23,,1.88,8.44,-4.85,11.57,55.47,7.05,5.56,26.8,33,11,5,7,3.92,2.78
301179,泽宇智能,16.6,67.13,39.43,86.74,0.77,16.17,17.62,-11.66,16.68,53.67,18.75,11.31,65.78,31,12,5,7,6.83,3.25
603258,电魂网络,20.31,49.54,49.02,-121.75,,-4.78,12.05,-15.24,11.94,52.96,28.61,17.02,68.1,31,15,5,7,5.25,2.94
603035,常熟汽饰,16.19,59.31,59.31,12.78,4.64,17.83,13.28,-10.37,10.85,48.11,19.14,11.73,63.17,27,15,5,7,5.11,3.11
603126,中材节能,6.91,42.19,42.19,2000.78,0.02,14.98,9.15,-7.56,11.0,45.57,7.88,5.19,51.83,25,11,5,7,8.44,3.34
300989,蕾奥规划,16.95,35.76,25.53,237.74,0.15,18.78,11.97,-17.53,19.85,45.25,20.2,13.78,46.59,30,12,5,7,4.0,2.5
300656,民德电子,24.07,41.19,31.99,-275.78,,4.11,10.62,-10.73,13.99,42.15,29.85,18.55,60.92,27,17,5,7,4.8,2.99
300481,濮阳惠成,16.22,47.34,47.05,32.68,1.45,14.55,7.07,-10.66,10.2,41.52,18.8,11.55,62.77,24,11,5,7,4.42,2.84
688609,九联科技,10.04,50.2,50.2,-31.41,,-1.18,13.61,-10.26,13.75,41.37,12.53,7.96,57.41,30,12,5,7,4.34,2.93
300664,鹏鹞环保,5.66,42.8,42.58,11.89,3.6,13.88,8.23,-8.82,7.52,38.12,6.56,4.26,53.99,31,14,5,7,5.66,2.84
603199,九华旅游,38.35,42.45,42.45,17.62,2.41,11.42,7.23,-8.09,12.0,37.29,41.58,31.82,30.67,29,15,5,7,3.12,2.33
688429,时创能源,13.91,55.64,16.67,-16.4,,-13.44,16.17,-14.88,8.25,26.03,18.72,11.49,62.92,27,10,5,7,3.2,2.44
603299,苏盐井神,10.68,83.48,83.08,15.27,5.47,2.59,9.02,-13.3,4.93,24.75,12.79,9.12,40.24,22,14,5,7,6.77,3.15
000048,京基智农,15.06,79.86,79.27,20.11,3.97,-2.08,19.0,-14.78,10.39,23.37,18.94,12.46,52.01,28,13,5,7,3.7,2.59
003012,东鹏控股,6.76,78.21,77.37,16.81,4.65,16.55,13.61,-6.52,3.52,13.96,8.1,5.43,49.17,30,12,5,7,6.41,2.78
000755,山西高速,5.03,73.81,73.81,14.17,5.21,11.28,12.55,-8.38,3.03,13.78,6.5,4.12,57.77,31,7,5,7,6.49,3.24
603060,国检集团,6.28,50.49,50.49,91.87,0.55,-8.99,5.51,-8.31,3.65,9.58,7.55,5.76,31.08,25,18,5,7,4.86,2.61
920111,聚星科技,25.66,39.81,19.04,35.79,1.11,5.73,15.81,-15.17,31.59,118.26,37.66,20.63,82.55,25,12,4,7,3.67,2.64
000639,西王食品,3.38,36.48,36.48,1231.53,0.03,0.6,13.84,-15.43,24.03,80.82,4.1,2.43,68.72,33,14,4,7,4.09,2.67
300667,必创科技,18.78,38.43,32.42,-240.71,,6.83,10.29,-15.75,20.8,74.51,21.51,12.73,68.97,27,13,4,7,3.22,2.54
002323,雅博股份,1.7,36.05,36.05,-44.83,,6.92,12.64,-14.07,17.54,66.56,2.1,1.23,70.73,28,11,4,7,4.57,2.77
300461,田中精机,19.77,31.05,28.41,493.26,0.06,8.33,26.17,-14.8,15.72,50.62,26.65,14.69,81.42,23,12,4,7,4.65,3.08
300712,永福股份,28.28,53.04,52.81,107.24,0.49,15.9,14.24,-15.56,11.43,48.2,34.97,19.41,80.16,29,22,4,7,5.61,2.99
688588,凌志软件,15.95,63.8,63.8,49.46,1.29,19.03,18.95,-12.77,11.49,44.41,23.48,10.19,130.42,29,15,4,7,4.6,2.67
600982,宁波能源,4.51,50.4,50.4,15.64,3.22,18.68,16.05,-9.62,13.23,41.79,5.32,3.6,47.78,31,13,4,7,4.46,2.6
300210,森远股份,10.12,49.0,48.96,435.54,0.11,3.58,14.65,-13.5,11.68,38.88,12.42,7.5,65.6,21,14,4,7,5.93,3.14
600683,京投发展,4.38,32.45,32.45,-6.51,,16.8,28.19,-16.58,9.19,37.67,6.04,3.37,79.23,30,10,4,7,4.55,2.66
000819,岳阳兴长,16.21,59.9,59.25,-141.27,,2.59,22.55,-12.72,10.21,36.71,21.0,12.34,70.18,36,15,4,7,4.8,2.96
603330,天洋新材,7.35,31.8,29.89,-221.02,,14.13,15.64,-13.63,13.25,35.39,9.12,6.15,48.29,32,14,4,7,4.53,2.67
300320,海达股份,9.71,58.38,47.17,26.27,2.22,3.19,8.4,-10.6,11.8,35.06,12.22,8.31,47.05,37,14,4,7,3.68,2.62
601002,晋亿实业,5.26,50.2,50.2,23.13,2.17,19.82,10.96,-7.92,7.99,31.51,6.18,3.54,74.58,25,16,4,7,5.87,3.17
603318,水发燃气,6.91,31.72,31.72,-52.32,,6.64,6.79,-11.43,11.33,28.99,7.81,5.43,43.83,31,15,4,7,3.03,2.41
002932,明德生物,19.0,44.18,29.66,245.16,0.18,14.46,7.93,-8.42,9.02,25.58,23.28,14.97,55.51,27,19,4,7,5.9,2.67
300197,节能铁汉,1.89,56.04,56.04,-4.79,,-10.43,11.06,-9.22,9.03,27.82,2.68,1.64,63.41,31,9,3,7,3.24,2.47
600054,黄山旅游,11.46,83.59,58.82,24.73,3.38,5.62,7.64,-10.08,7.98,26.58,13.3,10.33,28.75,27,11,3,7,5.42,2.85
002267,陕天然气,7.65,85.07,85.07,13.45,6.32,2.14,10.37,-14.37,4.57,15.81,9.57,7.06,35.55,29,13,3,7,4.36,2.64
600101,明星电力,9.89,54.18,54.18,22.82,2.37,19.16,16.63,-14.37,30.52,135.02,13.36,7.79,71.5,27,22,11,6,4.37,2.68
000570,苏常柴Ａ,5.63,39.73,31.29,66.98,0.59,15.13,12.67,-8.88,11.73,65.0,6.81,4.59,48.37,32,15,11,6,4.92,3.0
300046,台基股份,36.24,85.72,85.72,113.41,0.76,9.09,28.96,-9.62,36.15,129.93,51.73,23.22,122.78,28,17,9,6,3.6,2.73
600794,保税科技,3.95,47.41,47.41,60.66,0.78,15.84,27.45,-24.47,20.24,115.45,6.06,3.05,98.69,27,15,9,6,6.34,3.22
002362,汉王科技,23.97,58.6,49.76,-48.2,,-3.39,10.0,-12.51,22.1,85.62,28.57,16.5,73.15,25,18,9,6,6.61,2.9
603111,康尼机电,7.03,60.6,59.51,17.44,3.47,3.08,13.11,-10.61,8.65,50.3,8.42,5.34,57.68,33,8,9,6,4.62,2.94
002395,双象股份,17.27,46.32,46.32,19.05,2.43,0.23,12.2,-13.37,11.02,39.78,20.55,13.46,52.67,32,14,9,6,3.53,2.66
603211,晋拓股份,22.3,60.61,60.61,81.35,0.75,-6.14,52.41,-20.65,43.15,203.28,24.48,13.04,87.73,24,18,8,6,5.4,2.94
301591,肯特股份,44.29,37.26,15.04,47.3,0.79,10.78,16.73,-13.57,41.55,106.87,51.8,27.73,86.8,26,17,8,6,4.24,2.77
002766,索菱股份,7.15,61.74,61.15,29761.52,0.0,15.32,20.37,-10.24,15.86,96.68,8.06,4.35,85.29,31,19,8,6,8.25,3.35
603636,南威软件,13.04,75.68,75.68,-56.42,,14.99,26.96,-11.24,21.76,93.97,19.93,9.87,101.93,17,18,8,6,4.36,2.81
301516,中远通,16.59,46.57,11.64,-83.92,,0.24,7.5,-12.41,30.57,86.81,20.56,12.53,64.09,25,12,8,6,3.75,2.58
002823,凯中精密,16.39,53.82,35.88,22.54,2.39,10.22,9.7,-13.27,21.9,78.63,18.92,10.36,82.63,30,13,8,6,3.59,2.44
300332,天壕能源,5.63,48.71,46.71,38.16,1.28,16.56,13.37,-16.94,13.18,53.38,6.95,4.0,73.75,29,16,8,6,4.43,2.94
300162,雷曼光电,8.33,34.95,28.5,295.59,0.12,18.83,11.92,-11.63,18.63,48.57,8.84,5.1,73.33,23,13,8,6,4.63,2.68
605186,健麾信息,22.97,31.24,31.24,277.2,0.11,18.59,12.99,-10.29,8.3,32.05,25.0,16.34,53.0,25,14,8,6,3.69,2.58
603180,金牌家居,20.45,31.55,31.55,36.56,0.86,4.12,16.18,-13.88,5.86,28.73,24.0,16.31,47.15,25,11,8,6,4.73,3.22
688721,龙图光罩,48.2,64.35,25.78,93.19,0.69,-7.66,19.27,-9.77,26.35,93.9,59.6,38.48,54.89,28,18,7,6,4.65,2.72
003000,劲仔食品,11.6,52.3,34.83,22.7,2.3,-2.52,8.44,-6.36,15.45,65.27,16.05,10.99,46.04,29,15,7,6,3.21,2.41
002452,长高电新,8.77,54.4,45.24,20.13,2.7,16.31,9.89,-10.33,15.26,63.66,9.16,6.28,45.86,25,9,7,6,5.28,3.6
300579,数字认证,33.35,90.04,87.47,-59.02,,17.72,18.41,-9.02,14.9,44.36,43.21,22.75,89.93,27,16,7,6,7.1,2.96
002106,莱宝高科,11.16,78.77,78.58,25.44,3.1,4.2,20.38,-13.74,12.47,44.17,13.1,7.96,64.57,32,16,7,6,4.08,2.55
603136,天目湖,11.76,31.77,31.77,28.62,1.11,4.53,14.09,-11.83,13.65,43.15,14.58,10.27,41.97,32,23,7,6,4.05,2.79
600059,古越龙山,9.32,84.96,84.96,47.24,1.8,12.97,13.85,-6.45,7.97,41.07,11.66,7.95,46.67,33,17,7,6,3.6,2.68
920806,云星宇,14.69,44.18,44.18,134.21,0.33,14.14,17.56,-11.07,10.01,36.42,18.18,10.77,68.8,31,14,7,6,7.45,3.05
000707,双环科技,6.22,36.37,28.87,-103.97,,-9.06,9.4,-9.51,8.09,22.04,7.46,5.81,28.4,36,14,7,6,3.01,2.48
605011,杭州热电,20.77,83.1,83.1,42.94,1.94,2.97,12.81,-9.5,6.46,21.87,28.09,18.97,48.08,33,15,7,6,4.21,2.85
603408,建霖家居,12.78,57.2,57.2,12.31,4.65,3.4,9.37,-14.09,3.85,15.59,15.18,9.56,58.79,24,11,7,6,4.19,2.64
601199,江南水务,5.69,53.21,53.21,14.49,3.67,11.13,9.3,-7.34,4.13,14.42,6.71,4.65,44.3,31,13,7,6,4.97,2.97
301633,港迪技术,70.92,39.49,18.09,68.26,0.58,-18.64,18.97,-12.25,25.05,145.33,96.65,63.02,53.36,32,14,6,6,6.84,3.62
003015,日久光电,15.76,44.3,38.99,43.2,1.03,13.63,11.49,-16.48,35.82,122.55,20.94,11.27,85.8,26,16,6,6,3.96,2.73
301067,显盈科技,34.99,34.02,22.33,-2311.66,,11.08,16.33,-23.08,37.93,107.33,46.73,19.81,135.89,25,13,6,6,4.67,2.63
920592,华信永道,44.45,35.91,22.35,-81.18,,-3.85,17.54,-17.24,29.23,99.31,67.28,33.85,98.76,29,15,6,6,4.71,2.98
002269,美邦服饰,2.01,50.5,50.5,-54.91,,-10.67,36.5,-12.87,29.02,96.88,3.23,1.48,118.24,33,16,6,6,4.21,2.73
301499,维科精密,30.45,42.1,10.52,90.56,0.46,18.99,12.75,-13.98,34.77,91.43,32.16,18.03,78.37,30,14,6,6,4.39,2.88
600375,汉马科技,6.05,96.99,80.02,179.02,0.54,3.42,14.96,-10.23,14.67,66.69,8.84,5.32,66.17,28,17,6,6,3.57,2.66
600830,香溢融通,9.82,44.61,44.61,46.62,0.96,6.62,11.23,-10.7,15.83,54.7,11.99,7.25,65.38,34,14,6,6,4.64,2.59
300489,光智科技,45.55,62.71,62.48,-522.93,,-8.88,19.18,-15.82,15.86,54.09,64.0,37.82,69.22,28,18,6,6,7.42,3.3
002022,科华生物,6.32,32.51,32.5,-10.48,,10.3,17.84,-9.66,8.49,52.73,8.45,4.88,73.16,25,10,6,6,6.42,3.49
300219,鸿利智汇,7.34,51.96,51.87,51.28,1.01,7.0,18.0,-13.2,11.17,48.46,8.35,5.01,66.67,28,8,6,6,5.23,3.05
605108,同庆楼,19.64,51.06,51.06,126.82,0.4,-10.93,9.29,-7.59,7.72,44.8,25.0,18.48,35.28,31,15,6,6,6.34,3.12
301103,何氏眼科,21.3,33.66,33.66,46.41,0.73,16.01,18.15,-10.33,9.84,32.3,24.79,16.09,54.07,27,13,6,6,4.85,2.85
000068,华控赛格,3.46,34.83,34.83,-26.11,,3.9,14.77,-9.39,8.43,30.07,4.22,2.86,47.55,31,11,6,6,5.69,2.95
002880,卫光生物,26.24,59.51,59.51,28.27,2.11,-1.13,8.61,-7.23,3.49,29.16,33.36,25.03,33.28,27,11,6,6,7.09,3.46
603010,万盛股份,10.32,60.84,60.84,91.1,0.67,6.17,9.0,-14.27,5.46,28.12,13.95,8.57,62.78,30,16,6,6,3.61,2.73
300439,美康生物,10.46,40.2,30.58,49.81,0.81,4.08,4.83,-8.53,8.86,27.94,12.54,9.27,35.28,27,10,6,6,5.11,2.97
600283,钱江水利,9.66,54.18,52.57,22.09,2.45,8.17,9.91,-7.19,6.54,23.19,11.11,8.42,31.95,25,16,6,6,3.43,2.52
600983,惠而浦,10.32,79.1,79.1,18.73,4.22,15.44,13.53,-10.65,3.0,18.71,12.3,7.41,65.99,23,11,6,6,9.08,4.54
301173,毓恬冠佳,47.96,42.13,8.52,27.29,1.54,-15.15,17.44,-15.84,42.93,277.19,83.57,39.8,109.97,25,14,5,6,6.49,3.15
300403,汉宇集团,14.34,86.47,61.24,38.44,2.25,6.14,31.03,-10.21,46.93,188.52,23.76,9.92,139.52,28,13,5,6,6.33,2.88
002575,群兴玩具,6.53,40.26,38.23,-141.38,,-3.69,38.58,-14.26,28.83,149.65,13.74,5.77,138.13,27,18,5,6,5.0,3.02
002530,金财互联,11.09,86.41,77.09,112.67,0.77,0.82,13.24,-8.65,40.58,138.24,13.88,7.54,84.08,21,16,5,6,4.13,2.65
300930,屹通新材,31.15,31.15,14.68,51.4,0.61,19.17,19.5,-10.39,26.18,102.57,39.71,20.0,98.55,25,14,5,6,3.43,2.48
688750,金天钛业,20.36,94.16,47.42,148.94,0.63,2.11,14.17,-10.93,26.9,98.21,25.73,17.33,48.47,26,15,5,6,3.33,2.59
001338,永顺泰,12.27,61.56,61.56,18.25,3.37,19.59,10.74,-8.24,18.29,93.1,14.09,8.86,59.03,24,10,5,6,6.24,3.3
301303,真兰仪表,15.73,64.3,16.0,19.3,3.33,9.01,13.42,-10.33,14.15,66.71,18.77,10.82,73.48,29,16,5,6,5.86,2.97
300359,全通教育,6.08,38.51,38.5,-51.59,,18.52,21.65,-9.12,12.71,63.18,7.45,4.52,64.82,25,11,5,6,4.71,2.98
688259,创耀科技,43.7,48.81,48.81,53.27,0.92,19.33,10.5,-12.9,13.83,54.81,56.74,30.42,86.52,26,9,5,6,4.14,2.72
600463,空港股份,11.03,33.09,33.09,-38.99,,16.35,20.02,-14.98,11.53,50.11,14.34,7.4,93.78,28,14,5,6,6.75,2.96
002041,登海种业,9.73,85.62,85.62,118.94,0.72,-8.21,9.49,-8.33,7.56,46.32,13.53,9.05,49.5,28,11,5,6,6.31,3.58
002198,嘉应制药,7.38,37.45,37.45,128.89,0.29,8.05,14.6,-12.53,10.06,43.02,8.43,5.66,48.94,27,14,5,6,5.13,3.18
600679,上海凤凰,13.45,69.31,46.23,44.72,1.55,4.83,11.73,-8.13,17.07,42.32,15.6,9.73,60.33,30,14,5,6,4.94,2.73
301153,中科江南,26.24,92.59,86.39,-108.08,,4.96,23.35,-10.25,10.99,39.56,32.16,18.88,70.34,27,16,5,6,6.95,2.94
002489,浙江永强,3.9,84.59,74.61,9.35,9.05,17.12,15.36,-11.55,10.96,36.44,4.39,2.69,63.2,27,15,5,6,3.93,2.58
603383,顶点软件,40.16,82.48,82.48,59.89,1.38,14.64,17.3,-13.65,14.05,36.24,49.07,31.86,54.02,31,12,5,6,4.19,3.0
600207,安彩高科,4.86,52.94,52.94,-11.11,,14.89,13.08,-19.04,12.1,36.01,6.28,3.4,84.71,30,15,5,6,8.14,3.28
002481,双塔食品,5.14,63.41,57.46,138.07,0.46,-0.77,9.77,-6.85,10.25,35.4,6.63,4.7,41.06,26,16,5,6,4.82,2.7
002038,双鹭药业,7.87,80.85,67.05,42.98,1.88,15.06,8.77,-9.54,11.22,33.23,8.74,5.96,46.64,27,13,5,6,4.74,2.72
300381,溢多利,7.15,35.11,34.99,144.65,0.24,3.03,7.17,-8.48,9.28,29.93,8.67,6.17,40.52,27,12,5,6,3.68,2.49
600106,重庆路桥,6.46,85.86,85.86,32.44,2.65,19.41,20.52,-9.12,9.68,29.27,8.23,4.46,84.53,28,12,5,6,3.38,2.44
688312,燕麦科技,34.54,50.35,50.35,39.15,1.29,16.85,13.95,-14.26,8.3,29.17,37.0,19.87,86.21,28,14,5,6,4.13,2.68
002344,海宁皮城,5.01,64.26,64.2,80.69,0.8,19.57,9.89,-9.2,7.47,24.68,5.36,3.45,55.36,33,8,5,6,5.01,3.3
300639,凯普生物,6.09,39.37,38.68,-23.13,,8.36,7.22,-11.61,7.24,17.92,6.98,4.6,51.74,23,12,5,6,5.46,2.93
688575,亚辉龙,15.71,89.77,89.77,111.42,0.81,1.68,10.14,-8.34,4.09,15.62,17.89,13.74,30.2,17,16,5,6,5.54,2.92
605577,龙版传媒,14.02,62.31,62.31,15.88,3.92,0.36,13.43,-11.22,5.56,15.48,16.39,10.8,51.76,29,14,5,6,3.95,2.53
300571,平治信息,30.48,42.53,35.25,429.17,0.1,15.89,23.03,-16.21,30.08,139.9,42.8,21.62,97.96,19,12,4,6,3.91,2.57
603205,健尔康,28.45,44.38,11.76,43.56,1.02,3.15,11.99,-14.13,27.42,133.61,34.73,22.83,52.12,32,12,4,6,5.48,3.07
002849,威星智能,17.72,39.1,34.3,40.95,0.95,15.74,13.09,-8.3,19.36,84.34,19.33,11.65,65.92,25,17,4,6,4.53,2.69
000868,安凯客车,5.03,47.26,36.89,-409.37,,-9.21,18.55,-12.32,17.16,73.73,7.68,4.74,62.03,28,9,4,6,4.24,2.88
300360,炬华科技,17.84,91.73,89.25,14.34,6.4,10.12,9.2,-11.01,12.01,71.16,20.98,13.69,53.25,29,11,4,6,6.39,3.1
600712,南宁百货,6.84,37.25,36.84,9614.44,0.0,17.12,22.39,-10.2,19.46,70.28,8.27,4.61,79.39,26,22,4,6,5.23,2.67
002628,成都路桥,4.18,31.65,31.51,-83.69,,2.2,16.67,-9.29,15.15,66.35,6.08,3.32,83.13,36,13,4,6,4.32,3.11
600560,金自天正,16.93,37.86,37.86,76.27,0.5,7.49,7.8,-11.3,11.07,60.72,22.41,12.54,78.71,24,10,4,6,4.51,2.8
301102,兆讯传媒,13.5,54.81,54.81,122.93,0.45,16.18,18.73,-10.69,17.65,60.7,14.57,8.31,75.33,27,9,4,6,5.93,3.08
300194,福安药业,4.59,54.61,44.45,24.63,2.22,8.0,7.25,-10.28,14.17,59.66,5.46,3.7,47.57,25,10,4,6,3.7,2.58
300134,大富科技,12.94,99.31,92.19,-43.91,,13.51,14.01,-14.61,12.75,54.8,16.95,9.05,87.29,28,10,4,6,5.31,2.95
002358,森源电气,5.89,54.76,54.76,28.58,1.92,13.93,9.98,-11.21,16.44,54.62,7.26,4.22,72.04,25,11,4,6,4.02,2.66
688247,宣泰医药,10.69,48.46,48.46,57.27,0.85,5.63,7.54,-13.35,10.58,44.28,13.26,8.43,57.3,27,11,4,6,3.35,2.49
600187,国中水务,2.56,41.31,41.31,-191.97,,-11.11,14.33,-22.11,13.8,42.16,4.4,2.41,82.57,32,11,4,6,3.63,2.84
300939,秋田微,35.16,42.19,42.19,49.65,0.85,11.83,13.32,-10.47,12.29,41.21,41.0,22.5,82.22,32,16,4,6,5.12,2.96
603600,永艺股份,11.63,38.43,34.89,15.05,2.55,-4.28,6.32,-11.91,11.21,39.57,14.31,7.8,83.46,29,14,4,6,4.88,2.81
603066,音飞储存,11.03,32.45,32.45,39.0,0.83,2.6,12.89,-11.66,11.15,34.36,13.34,9.02,47.89,33,9,4,6,4.45,2.73
603439,三力制药,11.98,48.99,48.38,45.48,1.08,-3.46,12.82,-8.22,7.23,27.89,14.32,11.11,28.89,27,13,4,6,7.58,3.25
002191,劲嘉股份,4.63,67.22,66.7,34.95,1.92,15.75,9.14,-8.48,7.44,26.21,4.93,3.35,47.16,31,14,4,6,5.05,3.19
002079,苏州固锝,9.82,79.6,79.53,95.5,0.83,-2.68,5.02,-10.94,10.17,24.55,11.33,7.96,42.34,26,12,4,6,3.68,2.69
002088,鲁阳节能,11.67,59.88,59.03,43.42,1.38,4.38,11.27,-9.01,3.62,14.07,13.9,10.35,34.3,27,15,4,6,5.85,3.28
688212,澳华内镜,47.7,64.24,64.24,-85.89,,17.4,14.85,-12.52,6.0,10.1,56.79,36.52,55.5,30,11,4,6,2.58,2.2
600824,益民集团,4.75,50.07,50.07,195.42,0.26,-1.45,18.25,-8.48,19.11,87.92,5.71,3.63,57.3,32,13,3,6,4.31,2.73
301187,欧圣电气,27.2,69.34,69.34,39.88,1.74,3.82,13.62,-15.47,36.19,80.24,36.51,17.32,110.8,21,16,3,6,3.61,2.51
603602,纵横通信,16.54,38.22,38.22,93.69,0.41,7.82,23.7,-11.77,15.91,57.73,21.55,13.08,64.76,23,11,3,6,6.8,3.09
600605,汇通能源,30.17,62.24,62.24,177.55,0.35,-11.4,10.15,-10.81,7.24,27.01,41.15,26.48,55.4,24,10,3,6,4.1,3.0
688298,东方生物,25.68,51.77,51.77,-18.26,,-10.15,9.58,-13.01,6.51,17.8,36.0,21.14,70.29,21,11,3,6,4.48,2.92
301000,肇民科技,39.78,96.62,91.2,67.43,1.43,5.46,41.66,-16.69,23.3,70.92,58.8,28.22,108.36,29,11,2,6,2.55,2.25
920821,则成电子,27.02,37.39,19.68,188.65,0.2,6.67,22.74,-16.07,28.01,84.02,39.48,18.29,115.86,23,17,12,5,4.42,2.7
000948,南天信息,18.58,72.44,72.3,-498.46,,15.62,15.12,-11.33,21.49,74.74,22.23,14.21,56.44,26,19,12,5,4.85,2.77
600351,亚宝药业,6.73,46.57,46.57,16.24,2.87,17.86,11.61,-9.09,12.59,67.81,8.68,5.05,71.88,19,11,12,5,5.5,3.03
002332,仙琚制药,9.36,92.59,92.16,17.08,5.42,-0.32,7.77,-9.12,9.76,33.75,11.69,8.2,42.56,21,10,12,5,5.06,2.85
301071,力量钻石,38.11,99.19,74.16,160.77,0.62,9.99,16.32,-11.07,21.34,95.16,52.0,25.63,102.89,32,16,10,5,3.73,2.68
300203,聚光科技,16.25,72.92,72.86,-87.74,,-3.79,39.32,-10.97,15.82,73.47,26.54,13.35,98.8,34,12,10,5,4.85,3.27
301616,浙江华业,52.18,41.74,10.44,17.3,2.41,18.46,34.01,-29.88,65.62,275.12,66.26,37.21,78.07,24,11,9,5,5.44,3.3
603409,汇通控股,37.29,47.0,11.75,30.07,1.56,-13.74,5.84,-14.25,32.82,234.85,77.27,30.18,156.03,27,13,9,5,4.37,2.94
301023,奕帆传动,42.25,33.03,17.66,42.46,0.78,12.79,31.39,-12.08,27.0,71.34,55.98,30.96,80.81,29,17,9,5,6.57,2.84
688181,八亿时空,35.5,47.74,47.74,78.58,0.61,13.38,15.43,-11.7,14.85,51.98,46.8,20.61,127.07,30,14,9,5,3.23,2.48
688389,普门科技,14.13,60.55,60.55,27.85,2.17,0.78,6.66,-10.48,6.01,22.81,16.25,12.18,33.42,29,10,9,5,2.85,2.44
301622,英思特,67.86,78.67,42.63,48.15,1.63,2.4,36.22,-14.63,56.98,196.67,102.88,58.88,74.73,26,13,8,5,4.68,2.9
600354,敦煌种业,6.6,34.83,34.83,70.19,0.5,15.18,10.57,-7.17,25.44,142.34,7.69,5.33,44.28,32,15,8,5,8.08,3.6
300795,米奥会展,14.33,42.83,24.83,92.75,0.46,-7.96,17.21,-9.1,16.82,72.36,19.8,12.41,59.55,31,18,8,5,4.48,2.8
603738,泰晶科技,16.59,64.02,64.02,137.09,0.47,9.65,9.18,-7.33,15.93,60.41,18.26,12.04,51.66,26,13,8,5,6.26,3.13
688505,复旦张江,8.9,92.25,63.24,-434.17,,19.78,7.67,-8.21,4.99,28.84,11.69,6.7,74.48,27,23,8,5,6.05,3.14
301129,瑞纳智能,26.0,35.33,17.23,-56.91,,14.29,21.11,-9.84,34.22,147.01,34.92,15.76,121.57,31,16,7,5,6.58,2.96
603068,博通集成,39.6,59.57,59.57,479.47,0.12,7.64,25.18,-14.88,23.93,77.69,51.38,25.91,98.3,25,15,7,5,5.55,3.09
002355,兴民智通,6.71,44.86,41.48,-18.56,,1.51,13.91,-16.56,22.95,75.47,8.3,4.73,75.48,29,18,7,5,7.04,3.25
603081,大丰实业,13.69,57.84,57.84,47.11,1.23,17.11,13.43,-16.53,15.79,71.3,16.41,8.81,86.27,28,11,7,5,6.33,3.49
300671,富满微,34.1,75.49,75.27,-95.21,,4.06,21.64,-12.48,16.53,67.47,45.89,22.12,107.46,30,12,7,5,5.73,3.19
603669,灵康药业,4.98,35.92,35.92,-78.08,,-8.79,14.66,-11.31,10.97,41.85,7.05,3.45,104.35,25,10,7,5,4.83,2.87
002440,闰土股份,7.74,87.0,73.25,28.99,3.0,17.27,12.75,-9.97,7.8,33.4,8.35,5.65,47.79,32,18,7,5,6.34,3.23
300985,致远新能,18.69,34.86,34.67,56.72,0.61,14.52,9.56,-12.54,7.83,17.73,22.77,12.83,77.47,30,16,7,5,4.66,2.78
301208,中亦科技,40.47,48.56,26.74,112.96,0.43,18.26,25.34,-10.4,55.8,258.3,55.55,27.81,99.75,25,15,6,5,7.83,3.08
603382,海阳科技,32.42,58.76,11.75,47.35,1.24,-14.41,16.98,-20.54,58.76,203.7,69.8,29.09,139.94,24,13,6,5,5.27,3.04
301581,黄山谷捷,49.1,39.28,24.0,58.86,0.67,-10.34,9.21,-9.57,40.87,145.11,68.5,43.66,56.89,27,8,6,5,4.12,2.68
300218,安利股份,16.48,35.76,35.64,22.1,1.62,1.73,51.6,-16.98,19.76,106.58,26.75,11.72,128.24,30,12,6,5,5.98,3.09
000677,恒天海龙,4.35,37.58,37.58,1025.82,0.04,10.69,23.61,-15.91,20.73,87.55,7.0,3.61,93.91,32,16,6,5,3.97,2.58
603065,宿迁联盛,8.5,35.61,16.72,300.01,0.12,17.4,18.83,-9.38,18.63,86.45,10.89,6.47,68.32,29,17,6,5,5.62,3.23
600793,宜宾纸业,20.85,36.88,36.88,183.37,0.2,9.74,47.45,-11.87,23.75,83.33,40.79,14.66,178.24,26,18,6,5,4.0,2.64
002021,中捷资源,2.81,33.59,33.59,2065.81,0.02,13.31,16.46,-12.76,16.42,78.96,3.2,1.76,81.82,33,7,6,5,5.8,3.2
600979,广安爱众,4.56,57.53,56.19,28.51,2.02,2.93,22.78,-16.87,21.19,78.53,6.86,4.05,69.38,27,12,6,5,6.96,3.17
300719,安达维尔,18.07,45.94,32.46,6075.49,0.01,8.99,18.28,-10.44,23.51,76.48,21.34,13.02,63.9,26,18,6,5,3.53,2.63
301508,中机认检,32.52,73.52,19.13,49.07,1.5,0.12,6.84,-8.56,20.39,67.27,39.29,26.12,50.42,31,9,6,5,3.71,2.76
002232,启明信息,20.08,82.04,82.04,-218.88,,8.78,24.63,-10.15,14.74,66.41,28.16,14.02,100.86,25,19,6,5,6.04,3.04
300278,华昌达,6.34,90.12,89.84,567.3,0.16,6.73,19.22,-12.16,13.77,61.36,7.91,4.39,80.18,29,10,6,5,3.96,2.67
300707,威唐工业,17.09,30.17,24.49,69.69,0.43,13.78,9.91,-17.98,26.46,60.05,18.12,11.12,62.95,31,9,6,5,3.58,2.69
002073,软控股份,8.34,85.05,84.58,21.05,4.04,-3.02,13.83,-13.43,15.7,58.62,10.31,6.36,62.11,32,9,6,5,5.84,3.16
002671,龙泉股份,5.44,30.64,29.97,18.84,1.63,13.33,8.95,-10.49,12.36,52.73,6.26,3.64,71.98,28,13,6,5,5.92,3.15
002225,濮耐股份,5.91,68.51,57.57,54.16,1.26,13.65,22.57,-11.55,17.64,51.28,7.71,4.23,82.27,28,14,6,5,3.99,2.54
002033,丽江股份,9.31,51.16,51.16,19.99,2.56,13.54,7.95,-11.55,13.62,42.91,10.34,7.68,34.64,27,6,6,5,3.18,2.77
002635,安洁科技,14.14,93.28,55.9,69.6,1.34,-8.95,8.66,-14.31,11.7,39.07,17.35,11.16,55.47,30,12,6,5,4.93,2.61
300039,上海凯宝,6.34,66.32,58.13,26.59,2.49,6.2,4.43,-8.29,13.54,29.82,7.0,5.23,33.84,21,10,6,5,4.12,2.73
600386,北巴传媒,4.51,36.37,36.37,530.73,0.07,5.13,11.67,-10.36,9.38,26.83,5.4,3.58,50.84,27,13,6,5,4.05,2.52
605369,拱东医疗,19.43,42.84,42.84,44.65,0.96,-4.89,12.1,-11.06,4.13,21.12,23.87,16.07,48.54,34,13,6,5,6.31,3.02
603230,内蒙新华,12.81,45.29,45.29,16.86,2.69,11.01,7.36,-9.37,5.3,21.05,15.53,10.18,52.55,32,11,6,5,4.55,3.04
000631,顺发恒能,3.35,80.24,80.24,99.94,0.8,13.95,15.84,-10.46,3.5,20.65,4.0,2.43,64.61,36,8,6,5,6.34,3.6
300603,立昂技术,10.53,48.94,38.92,-61.27,,5.3,30.4,-10.44,30.55,149.64,15.95,8.19,94.75,25,10,5,5,5.25,2.87
002599,盛通股份,9.08,48.37,36.14,418.21,0.12,12.1,32.07,-9.86,37.24,149.37,14.58,6.46,125.7,21,16,5,5,4.52,2.56
001277,速达股份,40.69,30.92,18.47,30.79,1.0,11.82,12.95,-19.33,40.01,121.69,57.3,29.89,91.7,29,15,5,5,5.95,3.22
920790,联迪信息,39.76,31.4,21.61,338.46,0.09,8.57,40.82,-16.96,30.49,120.02,68.7,27.3,151.65,29,18,5,5,3.36,2.36
002103,广博股份,10.1,53.96,38.08,32.31,1.67,2.43,13.43,-13.32,34.21,116.23,12.66,6.87,84.28,23,16,5,5,4.63,2.98
600843,上工申贝,11.82,84.3,55.46,842.18,0.1,4.05,27.6,-11.56,29.94,114.31,17.04,8.99,89.54,30,17,5,5,5.59,2.78
002175,东方智造,4.52,57.71,57.71,3258.94,0.02,-12.91,19.46,-10.32,33.72,112.85,6.4,3.62,76.8,26,17,5,5,5.26,2.96
001279,强邦新材,35.56,56.9,14.22,93.66,0.61,-8.35,12.21,-12.52,24.69,103.97,47.57,30.81,54.4,29,12,5,5,3.82,2.68
300230,永利股份,5.01,40.74,31.55,18.82,2.16,15.97,18.83,-20.0,19.42,97.39,5.87,3.53,66.29,33,15,5,5,6.38,3.32
301199,迈赫股份,25.02,46.71,17.94,35.59,1.31,2.58,14.83,-13.53,27.57,89.02,31.73,17.17,84.8,27,15,5,5,4.56,2.51
300121,阳谷华泰,13.05,58.1,56.03,27.27,2.13,12.21,32.45,-8.73,20.89,83.1,17.88,9.02,98.23,32,18,5,5,4.84,2.91
002771,真视通,16.04,33.65,27.99,-47.82,,-7.12,10.58,-11.59,23.28,79.56,20.6,12.99,58.58,27,14,5,5,5.13,2.97
300027,华谊兄弟,2.35,65.2,58.4,-42.93,,-6.37,24.23,-16.79,19.09,72.92,3.5,2.0,75.0,25,10,5,5,2.83,2.34
002613,北玻股份,3.79,41.71,29.27,294.46,0.14,-1.81,12.18,-11.11,14.6,66.85,4.67,3.25,43.69,35,18,5,5,4.35,2.74
301266,宇邦新材,38.98,42.87,40.67,60.95,0.7,18.19,11.99,-14.59,22.53,62.84,41.9,25.95,61.46,23,13,5,5,3.37,2.47
000045,深纺织Ａ,12.22,61.9,55.85,78.09,0.79,18.41,9.65,-13.72,12.8,61.56,16.34,8.33,96.16,28,19,5,5,4.68,2.68
605555,德昌股份,18.75,90.76,90.76,42.03,2.16,0.11,18.35,-13.11,14.43,58.85,23.27,12.35,88.42,31,14,5,5,4.54,2.49
600527,江南高纤,2.2,38.1,38.1,143.15,0.27,6.28,6.96,-11.84,15.17,51.02,2.8,1.67,67.66,35,11,5,5,4.04,2.78
002587,奥拓电子,6.82,44.44,35.91,210.4,0.21,14.81,10.58,-11.51,16.84,50.29,7.26,4.45,63.15,26,8,5,5,5.43,3.47
300174,元力股份,16.4,59.73,59.52,25.97,2.3,11.04,12.69,-8.87,12.53,46.54,18.86,12.57,50.04,27,11,5,5,5.04,3.24
300401,花园生物,15.94,86.63,85.22,27.76,3.12,17.12,10.66,-7.26,16.29,44.88,17.88,11.47,55.88,22,18,5,5,3.74,2.49
600881,亚泰集团,1.91,61.73,61.73,-4.86,,14.37,13.23,-8.74,13.58,42.54,2.37,1.39,70.5,29,10,5,5,5.47,3.27
000597,东北制药,5.42,77.35,76.38,33.59,2.3,11.07,16.73,-8.36,6.91,35.38,6.68,4.52,47.79,25,10,5,5,5.08,3.29
603639,海利尔,13.01,45.49,44.22,16.41,2.77,8.87,7.91,-8.6,5.09,32.48,15.78,10.47,50.72,21,16,5,5,7.77,3.55
603165,荣晟环保,13.32,35.16,35.16,15.43,2.28,16.54,8.31,-8.66,8.02,28.04,15.37,9.71,58.29,29,15,5,5,4.88,2.92
002662,峰璟股份,4.11,61.65,61.65,22.7,2.72,12.6,11.5,-12.67,7.38,26.86,4.26,2.82,51.06,35,8,5,5,5.38,3.09
300482,万孚生物,20.91,97.88,90.0,54.89,1.78,-3.73,10.05,-11.42,7.18,24.71,26.08,18.86,38.28,27,10,5,5,5.91,3.29
688138,清溢光电,30.14,94.88,94.88,49.5,1.92,11.8,12.21,-9.81,7.64,24.13,35.41,20.25,74.86,30,9,5,5,2.99,2.35
603867,新化股份,25.96,56.46,55.99,22.89,2.47,13.36,14.42,-12.42,9.89,23.35,33.7,21.57,56.24,21,14,5,5,3.52,2.67
600613,神奇制药,6.29,33.59,30.15,50.09,0.67,0.48,7.62,-9.89,8.19,18.85,7.53,5.07,48.52,27,11,5,5,4.7,2.72
605158,华达新材,8.13,41.58,41.58,46.43,0.9,-13.33,14.53,-16.99,5.41,17.89,10.51,6.74,55.93,26,12,5,5,4.8,2.98
603223,恒通股份,9.53,68.06,68.06,29.01,2.35,1.82,9.86,-16.12,5.96,16.29,11.74,6.96,68.68,27,12,5,5,4.72,2.71
301601,惠通科技,28.93,40.64,9.14,135.73,0.3,-11.23,7.91,-16.11,53.76,192.84,59.82,27.58,116.9,25,8,4,5,5.25,2.77
002137,实益达,9.01,52.03,35.72,128.76,0.4,13.62,18.98,-12.9,33.95,154.75,10.61,5.64,88.12,27,12,4,5,3.12,2.42
920019,铜冠矿建,21.5,45.21,36.02,74.32,0.61,13.04,12.17,-13.3,31.26,126.3,28.59,15.79,81.06,29,16,4,5,4.11,2.48
301631,壹连科技,102.5,93.7,31.47,31.77,2.95,16.0,12.08,-14.1,38.87,109.63,119.0,63.58,87.17,26,12,4,5,3.41,2.6
920693,阿为特,41.85,30.42,15.32,271.28,0.11,10.74,22.32,-11.81,24.57,62.31,62.0,33.29,86.24,30,14,4,5,4.94,2.77
300426,华智数媒,9.24,41.62,36.96,-8.54,,-5.42,11.82,-9.93,12.23,56.78,12.3,7.66,60.57,29,13,4,5,4.71,3.0
002441,众业达,9.55,52.0,38.11,21.56,2.41,15.76,8.84,-11.81,13.74,56.59,10.38,6.3,64.76,30,7,4,5,2.59,2.31
600630,龙头股份,9.31,39.55,39.55,100.92,0.39,3.1,11.53,-15.04,18.53,46.1,11.28,6.56,71.95,34,12,4,5,3.38,2.5
600162,香江控股,1.91,62.43,62.43,-89.64,,7.3,52.55,-30.77,7.95,45.96,3.17,1.47,115.65,29,8,4,5,6.05,3.47
002996,顺博合金,7.83,52.42,31.77,16.04,3.27,19.36,12.98,-13.5,16.28,45.25,8.74,5.18,68.73,24,16,4,5,7.11,2.75
301101,明月镜片,43.32,87.3,82.71,43.91,1.99,9.78,25.65,-16.93,14.86,44.03,64.63,34.01,90.03,26,15,4,5,3.14,2.36
300577,开润股份,21.2,50.85,30.14,13.74,3.7,-15.54,13.85,-18.17,10.12,30.45,26.53,14.85,78.65,28,14,4,5,3.14,2.42
600052,东望时代,4.8,40.52,40.52,46.02,0.88,14.56,16.5,-11.59,8.42,26.9,5.88,3.5,68.0,27,16,4,5,4.52,2.86
002111,威海广泰,10.62,56.5,51.11,33.44,1.69,2.91,9.33,-9.56,9.04,25.81,12.17,8.77,38.77,34,10,4,5,4.82,3.2
920368,连城数控,30.26,71.04,67.59,56.0,1.27,2.86,24.33,-12.54,9.66,22.39,38.83,21.35,81.87,28,14,4,5,5.33,2.79
600252,中恒集团,2.7,85.97,85.97,261.68,0.33,16.38,10.27,-10.24,7.31,20.46,3.23,2.12,52.36,26,9,4,5,5.13,2.82
600743,华远控股,1.99,46.69,46.69,-95.93,,3.65,15.51,-8.81,6.38,17.9,2.46,1.48,66.22,28,11,4,5,5.28,2.98
603055,台华新材,9.37,83.42,83.12,14.94,5.58,-9.38,11.56,-15.95,4.01,14.54,11.6,8.17,41.98,30,12,4,5,5.12,3.22
603357,设计总院,8.28,46.42,46.0,14.4,3.22,-0.84,4.28,-11.89,5.43,14.49,9.6,7.84,22.45,33,8,4,5,3.48,2.71
603519,立霸股份,12.39,33.0,33.0,20.93,1.58,17.22,6.97,-10.36,5.39,13.04,13.8,8.82,56.46,19,12,4,5,3.89,2.64
000910,大亚圣象,7.77,42.53,42.52,43.59,0.98,10.21,11.11,-7.51,4.42,12.09,8.69,6.66,30.48,25,15,4,5,6.04,2.89
688633,星球石墨,25.34,36.43,36.43,33.82,1.08,-2.61,10.28,-10.28,3.95,9.24,30.65,21.02,45.81,21,12,4,5,4.05,2.56
688606,奥泰生物,65.97,52.3,52.3,20.67,2.53,0.09,14.77,-9.08,4.05,9.18,82.26,57.94,41.97,25,11,4,5,4.07,2.82
002995,天地在线,19.29,34.23,21.69,-57.88,,-1.23,12.83,-12.4,27.25,97.31,25.54,14.15,80.49,27,18,3,5,4.54,2.56
603153,上海建科,17.61,72.18,23.77,51.46,1.4,-0.9,11.53,-7.33,12.4,40.54,21.0,15.03,39.72,32,13,3,5,4.71,2.8
002219,新里程,2.5,84.68,81.8,-165.11,,-0.4,13.64,-8.0,10.17,28.25,3.0,2.03,47.78,29,12,3,5,4.36,2.71
300463,迈克生物,11.95,72.26,58.77,146.06,0.49,-1.24,7.7,-11.21,6.79,17.86,15.3,10.8,41.67,25,8,3,5,3.76,2.77
688571,杭华股份,7.86,33.34,33.34,32.93,1.01,12.45,7.33,-10.54,4.95,14.01,9.12,5.71,59.72,25,8,3,5,3.42,2.65
600812,华北制药,5.73,98.31,98.31,46.52,2.11,6.7,11.32,-8.35,6.46,19.27,7.46,4.73,57.72,27,9,2,5,3.1,2.38
603896,寿仙谷,20.79,41.21,41.21,40.49,1.02,5.53,9.8,-6.14,5.77,16.07,23.5,17.95,30.92,27,10,2,5,5.91,2.81
605277,新亚电子,22.79,73.84,72.5,34.92,2.11,15.16,37.34,-11.81,25.9,100.11,31.5,12.5,152.0,30,16,13,4,6.09,3.24
002552,宝鼎科技,18.44,71.54,67.95,103.56,0.69,16.27,10.38,-18.16,15.42,61.7,19.51,10.9,78.99,33,12,11,4,4.87,2.76
920725,惠丰钻石,34.88,31.84,14.68,-191.47,,6.02,17.12,-12.85,41.45,135.83,47.12,22.9,105.76,30,14,9,4,4.01,2.82
600889,南京化纤,16.64,60.96,60.96,-87.82,,-14.32,13.43,-9.93,17.78,71.06,21.27,12.67,67.88,33,18,9,4,4.03,2.61
688601,力芯微,47.44,63.42,63.42,165.54,0.38,16.53,17.29,-8.57,14.04,54.94,53.5,31.3,70.93,30,14,9,4,6.14,3.17
600796,钱江生化,6.2,53.73,19.31,26.62,2.02,11.91,6.42,-9.72,13.26,52.33,7.02,4.68,50.0,30,10,8,4,3.59,2.54
301051,信濠光电,20.29,41.2,32.67,-35.11,,-10.14,19.15,-12.43,8.72,30.85,28.8,14.48,98.9,29,14,8,4,7.68,3.34
000759,中百集团,7.93,52.53,52.0,-6.8,,-8.11,24.35,-15.19,54.99,154.46,11.0,6.83,61.05,34,15,7,4,3.41,2.62
301106,骏成科技,31.0,31.66,31.66,30.13,1.05,8.81,7.75,-13.07,16.34,96.45,33.49,21.74,54.05,26,10,7,4,4.57,3.02
300542,新晨科技,20.3,60.61,50.28,-200.43,,0.74,37.25,-19.68,26.11,89.84,26.66,13.82,92.91,34,15,7,4,7.07,3.07
300809,华辰装备,38.09,96.57,57.35,167.23,0.58,12.53,25.89,-13.48,29.69,85.48,57.45,29.08,97.56,28,11,7,4,3.78,2.58
301339,通行宝,15.42,89.49,25.91,39.92,2.24,11.02,16.03,-10.36,23.95,68.65,18.69,12.41,50.6,33,15,7,4,4.27,2.81
600405,动力源,5.53,33.89,33.74,-16.35,,13.32,16.4,-10.53,22.5,61.31,7.65,3.88,97.16,22,14,7,4,4.74,2.74
600545,卓郎智能,2.71,48.45,48.45,-15.21,,3.04,12.16,-10.44,14.31,48.42,3.35,1.77,89.27,25,12,7,4,5.74,2.97
002930,宏川智慧,10.93,50.0,47.3,-98.35,,12.33,15.37,-11.09,9.85,48.36,12.8,8.8,45.45,26,17,7,4,5.54,2.71
603018,华设集团,7.69,52.58,52.58,21.24,2.48,-11.81,6.97,-10.55,8.02,47.95,9.47,6.94,36.46,28,10,7,4,6.51,3.41
002242,九阳股份,10.77,82.18,82.04,49.87,1.65,11.72,26.64,-15.61,4.33,30.82,12.65,8.54,48.13,27,9,7,4,7.53,3.7
688589,力合微,23.7,34.44,34.44,115.43,0.3,13.13,9.64,-9.89,12.24,29.54,27.97,18.01,55.3,24,7,7,4,3.68,2.48
688211,中科微至,32.22,42.4,42.4,-17.7,,12.97,13.42,-7.47,2.69,17.44,36.97,24.61,50.22,23,11,7,4,6.0,3.3
603257,中国瑞林,59.62,71.54,14.85,60.76,1.18,2.26,27.65,-10.6,74.79,289.55,164.5,46.31,255.21,18,12,6,4,3.15,2.53
300622,博士眼镜,32.41,73.85,50.49,63.06,1.17,-12.92,19.99,-11.27,44.3,146.46,45.77,24.7,85.3,24,16,6,4,2.8,2.35
301586,佳力奇,52.75,43.77,27.91,77.3,0.57,4.66,16.21,-8.21,32.3,119.05,67.92,40.78,66.55,22,19,6,4,3.98,2.66
603322,超讯通信,40.56,63.92,63.92,80.07,0.8,11.86,22.57,-23.79,34.79,108.18,60.0,29.08,106.33,24,13,6,4,3.61,2.63
000670,盈方微,,65.28,63.51,-112.96,,8.11,17.99,-10.44,31.72,96.8,10.35,4.84,113.84,31,14,6,4,5.14,2.94
002526,山东矿机,3.78,67.39,66.95,46.08,1.46,-0.53,19.38,-10.77,24.7,76.08,4.93,3.0,64.33,27,12,6,4,4.3,2.77
300793,佳禾智能,17.98,68.42,66.9,178.03,0.38,0.11,12.89,-14.13,23.77,73.25,22.5,11.89,89.23,26,21,6,4,5.11,2.71
603912,佳力图,8.7,47.14,47.14,-80.84,,2.11,27.28,-16.14,21.72,71.43,11.9,6.73,76.82,30,16,6,4,4.18,2.66
600178,东安动力,12.86,59.99,59.99,-1369.82,,17.98,17.43,-17.37,20.45,64.43,16.0,8.88,80.18,28,18,6,4,4.89,2.92
300825,阿尔特,10.86,54.09,52.61,-26.89,,-5.57,13.95,-14.64,16.5,60.88,14.29,7.99,78.85,26,15,6,4,5.57,3.02
301206,三元生物,27.16,54.95,35.38,61.15,0.9,11.63,11.58,-8.23,12.13,51.43,34.2,21.47,59.29,32,17,6,4,6.82,3.17
300894,火星人,12.41,50.42,36.49,-17.33,,-11.74,9.3,-9.83,13.85,47.46,17.13,10.91,57.01,23,12,6,4,4.97,2.74
603138,海量数据,17.36,51.02,50.06,-50.73,,16.75,14.36,-14.76,14.11,46.92,19.17,11.47,67.13,27,14,6,4,7.01,3.24
000789,万年青,5.36,42.74,42.74,428.24,0.1,10.74,11.7,-8.75,5.18,42.76,7.15,4.54,57.49,35,10,6,4,5.54,3.57
603058,永吉股份,9.62,39.89,39.79,30.29,1.32,3.78,9.13,-17.65,10.28,41.38,10.99,6.56,67.53,24,14,6,4,5.5,3.28
000650,仁和药业,6.13,85.82,81.61,16.98,5.05,12.68,14.66,-6.83,8.69,36.65,7.02,4.95,41.82,25,9,6,4,6.84,3.71
300636,同和药业,7.82,32.84,28.73,29.44,1.12,0.77,6.67,-12.31,9.23,30.14,9.48,6.34,49.53,25,9,6,4,3.95,3.05
600199,金种子酒,9.72,63.94,63.94,-47.72,,-13.6,9.78,-7.38,8.74,28.75,12.54,9.51,31.86,28,15,6,4,4.3,2.75
002884,凌霄泵业,17.4,62.24,47.51,13.28,4.69,2.65,7.49,-10.89,6.23,17.54,18.79,13.1,43.44,30,12,6,4,3.17,2.57
000885,城发环境,13.97,89.7,89.7,7.37,12.17,13.3,11.88,-6.93,3.81,10.14,15.98,11.47,39.32,27,7,6,4,4.03,3.1
301609,山大电力,46.41,75.59,16.13,64.93,1.16,-17.63,8.62,-14.39,49.02,185.2,88.44,40.9,116.23,15,6,5,4,3.64,3.06
301182,凯旺科技,40.76,39.06,39.06,-57.76,,18.7,24.77,-16.64,37.16,175.57,54.5,25.0,118.0,26,14,5,4,5.46,2.87
300853,申昊科技,22.31,32.78,24.6,-19.07,,14.53,54.8,-18.17,33.61,141.78,36.65,16.46,122.66,23,12,5,4,3.23,2.56
002660,茂硕电源,9.53,33.99,32.69,-44.01,,-14.76,9.15,-13.88,23.66,96.21,11.98,7.07,69.45,35,11,5,4,7.1,3.86
002649,博彦科技,15.08,88.27,82.72,36.15,2.44,18.46,19.93,-12.23,19.99,89.52,16.83,9.83,71.21,23,12,5,4,5.43,2.91
688152,麒麟信安,45.48,46.77,46.77,-190.37,,4.99,20.17,-10.27,25.87,82.52,67.65,36.33,86.21,29,15,5,4,4.28,2.44
300231,银信科技,11.26,50.03,50.02,71.22,0.7,-2.26,11.23,-10.75,19.18,79.55,15.18,8.27,83.56,25,7,5,4,4.05,2.76
600425,青松建化,4.32,69.32,59.56,16.61,4.17,19.67,14.06,-11.27,13.06,72.45,5.09,3.48,46.26,34,13,5,4,8.34,3.37
003026,中晶科技,31.45,40.77,30.1,89.75,0.45,3.42,17.2,-9.79,17.59,67.44,40.0,22.83,75.21,30,17,5,4,3.59,2.55
002666,德联集团,5.44,42.87,27.24,40.17,1.07,15.99,11.38,-12.5,18.07,63.73,6.03,3.61,67.04,32,12,5,4,7.16,3.21
300079,数码视讯,5.9,84.14,75.61,256.29,0.33,8.46,12.56,-11.36,15.24,45.11,6.65,4.21,57.96,29,9,5,4,4.4,2.9
002100,天康生物,7.14,97.48,97.48,17.76,5.49,17.63,12.05,-6.42,11.17,44.69,8.24,5.78,42.56,30,14,5,4,4.42,3.02
301188,力诺药包,18.61,44.49,44.49,65.58,0.68,17.78,10.15,-22.05,11.91,42.34,25.77,14.22,81.22,22,16,5,4,4.85,2.53
301381,赛维时代,22.94,92.55,44.84,33.1,2.8,1.33,7.31,-12.76,12.79,40.77,26.38,16.24,62.44,29,17,5,4,4.35,2.7
603801,志邦家居,9.36,40.66,40.66,17.61,2.31,-13.33,8.57,-5.88,6.93,35.2,12.5,9.07,37.82,27,7,5,4,6.17,3.68
000526,学大教育,41.79,50.93,49.92,16.53,3.08,1.36,15.94,-10.72,9.42,31.2,58.99,36.22,62.87,27,15,5,4,3.32,2.46
600071,凤凰光学,21.86,61.55,61.55,156.97,0.39,-8.84,9.86,-10.9,8.69,31.12,25.66,16.44,56.08,29,7,5,4,3.28,2.52
688348,昱能科技,54.6,85.33,85.33,96.26,0.89,16.27,13.73,-17.24,9.72,25.88,72.28,37.32,93.68,29,9,5,4,2.87,2.38
002034,旺能环境,16.28,70.65,70.3,9.61,7.35,14.17,10.19,-7.91,5.1,24.84,20.74,13.42,54.55,25,9,5,4,8.57,3.58
603016,新宏泰,30.57,45.29,45.29,71.05,0.64,-16.97,16.64,-16.92,7.5,22.04,39.33,21.6,82.08,29,16,5,4,4.1,2.55
003013,地铁设计,14.59,59.57,58.35,12.89,4.62,12.23,10.72,-5.85,3.67,15.81,16.61,12.78,29.97,29,8,5,4,5.75,3.64
000402,金 融 街,2.8,83.69,83.68,-4.65,,-6.35,12.59,-7.21,5.59,12.83,3.45,2.42,42.56,28,9,5,4,4.5,2.96
002184,海得控制,13.58,47.79,32.64,667.23,0.07,0.82,11.21,-19.7,38.36,148.96,17.5,9.36,86.97,32,13,4,4,5.72,2.92
001319,铭科精技,26.87,37.99,22.03,28.75,1.32,0.22,23.51,-11.76,30.71,110.57,33.31,18.56,79.47,26,10,4,4,3.04,2.59
300288,朗玛信息,15.88,53.67,40.74,297.98,0.18,7.73,14.73,-14.75,20.06,108.36,20.77,11.27,84.29,27,12,4,4,5.08,3.16
300752,隆利科技,19.07,43.57,29.99,70.55,0.62,5.77,14.92,-10.72,23.49,82.12,27.86,15.06,84.99,25,15,4,4,4.21,2.69
300279,和晶科技,7.4,36.19,36.03,41.45,0.87,18.02,13.88,-11.87,15.28,62.91,9.27,4.73,95.98,24,13,4,4,6.14,2.89
000153,丰原药业,6.54,30.39,30.01,22.73,1.34,12.18,8.36,-12.66,12.18,60.18,8.08,5.07,59.37,25,10,4,4,6.76,3.33
920593,鼎智科技,36.22,68.93,58.54,196.66,0.35,16.16,47.68,-16.8,17.76,56.2,51.55,24.14,113.55,30,11,4,4,2.98,2.52
000957,中通客车,11.4,67.59,67.59,18.31,3.69,0.09,16.82,-9.65,15.43,44.36,12.93,8.79,47.1,27,14,4,4,3.63,2.61
002068,黑猫股份,9.14,67.21,67.18,-23.83,,-9.77,16.28,-15.71,14.44,36.89,13.63,8.67,57.21,32,13,4,4,3.24,2.52
688596,正帆科技,32.09,94.39,94.39,99.28,0.95,-13.32,10.36,-16.62,12.17,36.2,49.8,28.05,77.54,24,17,4,4,3.58,2.42
603227,雪峰科技,8.43,90.34,90.34,17.21,5.25,0.48,11.76,-7.06,8.22,35.74,10.39,7.8,33.21,26,12,4,4,6.49,3.35
600261,阳光照明,3.52,46.99,46.99,27.38,1.72,13.92,10.36,-13.31,7.5,35.57,4.04,2.54,59.06,35,9,4,4,4.86,2.77
600653,申华控股,1.96,38.15,38.15,-32.13,,-4.85,10.77,-11.36,9.68,34.17,2.54,1.65,53.94,31,7,4,4,3.26,2.62
000151,中成股份,12.33,41.6,37.97,-109.95,,-9.4,10.71,-10.27,9.86,32.31,15.74,11.71,34.42,31,15,4,4,6.76,3.14
001201,东瑞股份,14.73,37.97,29.92,248.34,0.15,3.66,10.71,-7.88,8.67,27.57,18.57,13.55,37.05,26,10,4,4,3.73,2.55
300685,艾德生物,22.82,89.35,88.91,25.53,3.5,11.32,15.35,-10.83,9.35,26.18,26.87,18.97,41.64,27,11,4,4,4.64,2.75
300266,兴源环境,2.7,41.95,41.93,-55.31,,8.0,11.95,-8.57,9.62,25.66,3.21,1.81,77.35,33,9,4,4,6.9,3.15
605266,健之佳,20.07,31.02,31.02,23.12,1.34,-3.42,11.44,-10.31,7.74,23.3,23.16,17.29,33.95,35,10,4,4,4.68,2.57
603368,柳药集团,18.59,73.83,73.83,8.58,8.6,11.85,8.17,-8.51,8.52,22.73,20.92,15.17,37.9,24,10,4,4,3.87,2.81
002375,亚厦股份,4.15,55.61,55.06,15.73,3.54,14.64,9.5,-7.35,4.67,20.96,4.44,3.17,40.06,30,7,4,4,5.32,3.44
600491,龙元建设,3.03,46.35,46.35,-13.56,,-17.89,17.42,-8.93,7.47,18.76,4.31,2.6,65.77,36,15,4,4,3.48,2.43
300550,和仁科技,15.54,40.8,40.76,236.43,0.17,12.61,10.37,-11.26,8.21,18.71,16.42,10.28,59.73,23,10,4,4,3.44,2.71
600874,创业环保,6.09,95.64,74.93,10.22,9.36,11.13,5.37,-8.09,4.62,16.14,6.81,5.14,32.49,35,8,4,4,4.99,3.16
603279,景津装备,16.85,97.12,97.12,16.73,5.81,6.78,8.47,-7.81,4.32,15.04,17.9,13.93,28.5,26,13,4,4,8.03,3.32
002573,清新环境,3.83,54.2,54.11,208.2,0.26,2.13,4.25,-8.95,3.6,12.32,4.36,3.26,33.74,31,11,4,4,5.54,2.9
688276,百克生物,20.49,84.76,84.76,-40.17,,-8.4,9.09,-11.4,3.52,8.6,26.3,18.83,39.67,25,12,4,4,3.92,2.61
920533,骏创科技,30.67,40.1,22.15,145.97,0.27,9.73,49.27,-15.58,50.09,231.5,60.31,21.35,182.48,26,17,3,4,3.34,2.41
301157,华塑科技,55.22,33.13,11.41,130.51,0.25,2.35,9.74,-12.32,45.83,185.57,68.0,35.17,93.35,22,11,3,4,3.75,2.45
300956,英力股份,17.23,37.12,36.26,284.85,0.13,-9.22,14.78,-14.56,23.86,81.77,23.15,13.92,66.31,28,7,3,4,3.54,2.75
301439,泓淋电力,15.92,61.95,29.17,32.54,1.9,-8.61,19.72,-15.13,21.04,81.45,21.07,11.21,87.96,35,14,3,4,4.41,2.82
301539,宏鑫科技,21.38,31.64,16.05,54.41,0.58,18.19,9.76,-15.49,21.44,72.81,22.35,14.61,52.98,28,9,3,4,4.37,2.49
300177,中海达,10.98,81.71,66.57,-133.29,,4.67,15.4,-17.89,27.39,67.67,13.72,7.91,73.45,32,12,3,4,3.31,2.26
002042,华孚时尚,4.36,74.15,74.15,106.29,0.7,-7.63,13.43,-12.9,13.38,34.89,7.58,3.99,89.97,29,11,3,4,3.69,2.73
605018,长华集团,11.46,53.87,53.87,66.31,0.81,-4.1,26.32,-9.35,8.78,28.96,14.82,7.96,86.18,28,9,3,4,3.21,2.38
688179,阿拉丁,14.12,46.96,46.96,60.98,0.77,12.96,14.72,-14.44,8.93,22.0,16.25,9.93,63.65,21,10,3,4,3.75,2.6
688576,西山科技,68.82,31.31,15.0,54.12,0.58,14.13,7.99,-9.78,7.79,18.0,75.97,57.35,32.47,25,13,3,4,4.57,2.57
000652,泰达股份,4.28,63.15,63.11,67.64,0.93,13.23,11.05,-6.72,6.12,15.78,4.77,3.3,44.55,31,10,3,4,5.9,3.26
301585,蓝宇股份,31.24,32.49,21.28,51.31,0.63,-0.67,19.94,-11.08,40.94,171.59,48.85,29.62,64.92,27,8,2,4,3.82,2.56
688653,康希通信,13.65,57.94,43.19,-142.35,,12.25,20.57,-10.36,12.87,50.57,17.01,9.7,75.36,27,7,2,4,3.96,2.65
002584,西陇科学,9.19,53.78,43.05,-65.24,,15.89,16.56,-14.39,46.56,151.98,11.68,7.31,59.78,26,23,12,3,4.91,2.7
300151,昌红科技,15.59,83.02,57.45,128.48,0.65,-5.52,13.12,-11.66,12.37,32.47,17.63,11.47,53.71,26,18,11,3,4.29,2.82
301315,威士顿,71.8,63.18,26.57,220.55,0.29,15.53,26.9,-13.42,59.59,178.84,78.05,38.1,104.86,29,17,9,3,6.88,3.29
300552,万集科技,36.8,78.43,50.7,-50.65,,19.99,27.86,-14.33,24.6,114.13,41.5,21.64,91.77,29,16,9,3,7.88,3.57
000716,黑芝麻,6.26,47.13,46.25,518.35,0.09,-16.2,10.08,-8.09,24.23,82.03,8.13,5.55,46.49,30,20,9,3,4.68,3.0
300592,华凯易佰,12.8,51.76,44.66,78.57,0.66,-11.05,11.88,-12.64,14.72,54.13,15.32,9.34,64.03,27,15,9,3,4.41,2.8
001313,粤海饲料,7.29,51.03,50.97,146.09,0.35,-14.44,15.65,-9.87,6.94,18.66,10.34,7.0,47.71,24,15,9,3,4.66,2.88
301501,恒鑫生活,44.56,65.9,16.48,26.73,2.47,13.21,46.91,-16.67,57.53,170.39,70.8,27.39,158.49,15,9,8,3,4.02,2.67
600694,大商股份,19.76,68.05,68.05,11.47,5.93,-13.14,9.06,-9.34,7.97,24.64,24.62,17.12,43.81,35,16,8,3,4.54,2.84
301325,曼恩斯特,52.93,76.16,30.64,-161.06,,-5.82,31.57,-17.84,44.2,148.88,85.69,41.77,105.15,27,11,7,3,3.84,2.49
301152,天力锂能,31.78,37.74,22.56,-31.54,,12.18,20.24,-17.71,37.2,115.56,43.4,18.39,136.0,29,15,7,3,4.66,2.62
300659,中孚信息,16.38,42.65,31.18,-21.32,,-1.44,12.12,-13.72,24.86,93.79,19.55,11.86,64.84,27,8,7,3,6.03,3.52
300916,朗特智能,34.19,49.45,31.94,42.94,1.15,14.65,22.32,-14.59,14.88,73.51,49.5,21.6,129.17,29,13,7,3,4.69,3.26
300355,蒙草生态,4.19,67.22,54.41,67.8,0.99,-11.97,12.55,-12.16,20.14,60.49,6.1,3.68,65.76,25,15,7,3,5.35,2.67
688252,天德钰,22.5,92.03,41.03,35.36,2.6,-10.14,9.7,-10.08,17.79,48.26,31.47,19.42,62.05,26,8,7,3,3.79,2.56
603569,长久物流,7.87,47.5,47.5,73.46,0.65,17.64,13.69,-8.9,8.35,47.59,10.29,6.34,62.3,29,12,7,3,5.02,3.25
600223,福瑞达,7.57,76.95,76.95,40.72,1.89,8.14,13.74,-8.06,7.83,30.81,9.36,6.4,46.25,29,9,7,3,5.75,3.14
001335,信凯科技,47.41,44.44,11.11,52.0,0.85,15.47,13.14,-12.47,53.81,267.09,65.75,35.54,85.0,22,10,6,3,5.57,2.71
603271,永杰新材,40.68,80.03,16.01,19.45,4.11,-6.2,14.45,-14.9,44.42,214.01,59.0,30.03,96.47,32,12,6,3,4.23,2.87
300067,安诺其,5.4,62.34,50.62,-126.55,,10.43,22.16,-17.97,31.43,140.27,7.93,4.36,81.88,25,9,6,3,3.61,2.72
300310,宜通世纪,6.85,60.39,47.39,1335.14,0.05,-4.33,14.21,-10.85,26.25,94.57,9.6,4.99,92.38,31,15,6,3,3.65,2.68
002892,科力尔,13.37,99.51,64.6,164.68,0.6,-7.54,11.19,-7.77,26.24,78.46,17.6,10.12,73.91,28,8,6,3,5.28,2.92
600581,八一钢铁,3.43,52.58,52.58,-6.89,,15.88,16.11,-12.36,14.61,69.69,5.55,2.77,100.36,26,17,6,3,4.34,2.86
002933,新兴装备,36.28,42.57,41.39,109.66,0.39,15.69,10.43,-10.55,20.05,46.55,39.5,26.53,48.89,28,11,6,3,2.78,2.38
300119,瑞普生物,20.02,93.04,67.06,19.26,4.83,14.27,16.2,-14.4,13.23,38.97,28.61,15.79,81.19,29,12,6,3,3.49,2.5
000096,广聚能源,10.71,56.55,54.71,138.27,0.41,-4.88,44.66,-16.02,9.26,38.87,24.46,10.03,143.87,31,11,6,3,4.66,2.9
600073,光明肉业,6.56,61.52,61.52,27.46,2.24,1.71,13.16,-7.45,8.84,31.66,8.6,6.07,41.68,32,12,6,3,4.76,2.75
000055,方大集团,4.2,45.1,28.39,212.88,0.21,8.25,10.94,-8.67,8.71,28.91,4.73,3.38,39.94,36,10,6,3,5.24,3.2
300608,思特奇,12.5,41.4,35.95,-17.58,,5.13,18.43,-11.67,23.68,91.21,15.8,9.0,75.56,31,13,5,3,4.13,2.87
300829,金丹科技,17.36,39.45,27.47,22.4,1.76,9.6,7.69,-16.5,19.01,68.35,22.99,13.79,66.72,29,10,5,3,3.43,2.78
002045,国光电器,15.27,85.89,85.79,336.9,0.25,-17.15,10.78,-15.03,27.97,68.03,20.5,11.47,78.73,29,14,5,3,3.85,2.73
300566,激智科技,19.02,50.16,43.41,22.51,2.23,0.74,14.65,-13.16,17.06,67.28,23.3,14.4,61.81,30,8,5,3,3.1,2.46
600212,绿能慧充,8.0,56.34,42.49,315.9,0.18,13.8,18.63,-15.53,22.74,55.42,10.42,6.48,60.8,30,13,5,3,4.8,2.85
688687,凯因科技,26.95,46.07,46.07,33.71,1.37,19.35,20.15,-13.04,16.84,44.44,40.19,20.52,95.86,29,12,5,3,3.37,2.53
300488,恒锋工具,32.92,57.0,47.46,37.45,1.52,7.3,36.79,-12.66,12.37,43.27,55.87,24.11,131.73,22,8,5,3,3.75,2.46
002616,长青集团,5.51,47.34,32.37,17.6,2.69,19.78,20.55,-14.96,13.56,42.41,7.53,4.09,84.11,32,17,5,3,5.98,3.01
000419,通程控股,6.41,34.84,34.84,21.0,1.66,18.48,17.89,-11.05,12.19,38.59,7.05,4.8,46.88,28,13,5,3,5.65,3.18
002321,华英农业,2.41,51.4,51.19,-119.61,,7.11,9.43,-14.2,9.77,36.23,3.86,2.13,81.22,25,12,5,3,4.71,3.49
002442,龙星科技,6.22,31.3,30.64,38.49,0.81,13.71,10.93,-10.05,10.03,36.06,7.13,4.8,48.54,26,9,5,3,3.56,2.52
603989,艾华集团,17.08,68.11,68.11,23.08,2.95,7.62,8.16,-9.44,7.41,24.48,20.64,12.41,66.32,24,8,5,3,2.69,2.2
000521,长虹美菱,6.71,69.11,58.75,10.61,6.51,-11.48,7.92,-8.08,9.49,22.13,8.32,6.05,37.52,27,9,5,3,3.63,2.51
000726,鲁  泰Ａ,7.25,59.25,42.71,8.84,6.7,19.64,5.42,-8.2,7.3,20.84,7.7,5.01,53.69,27,9,5,3,3.13,2.36
002322,理工能科,12.84,46.93,45.12,25.57,1.84,4.48,10.78,-9.41,6.19,16.45,14.66,10.49,39.75,33,8,5,3,5.35,3.32
688755,汉邦科技,42.63,37.51,7.5,76.01,0.49,-7.33,9.76,-9.05,39.76,221.95,55.45,38.93,42.44,17,7,4,3,3.78,2.68
920018,宏远股份,30.51,38.85,13.49,39.46,0.98,-12.63,7.62,-8.77,33.35,195.32,47.9,26.53,80.55,9,9,4,3,4.0,2.81
301428,世纪恒通,36.99,36.5,22.64,57.48,0.64,1.4,28.56,-17.55,39.14,178.65,56.5,29.77,89.79,31,14,4,3,3.78,2.51
301329,信音电子,25.14,42.79,15.07,65.31,0.66,17.92,8.39,-12.0,35.66,150.45,27.07,14.43,87.6,24,7,4,3,4.77,2.86
301368,丰立智能,69.9,83.95,44.82,6066.9,0.01,12.96,38.63,-11.45,49.38,144.26,100.97,45.89,120.03,27,14,4,3,4.75,2.71
301299,卓创资讯,62.36,37.65,37.65,57.02,0.66,-4.11,20.53,-15.07,29.72,118.78,94.28,44.85,110.21,23,9,4,3,7.28,3.18
300222,科大智能,11.99,93.32,75.99,97.76,0.95,9.7,18.79,-11.37,23.57,117.45,15.07,7.52,100.4,27,9,4,3,5.54,3.12
600318,新力金融,9.15,46.91,46.91,88.25,0.53,14.09,18.05,-9.01,38.49,109.27,11.4,7.19,58.55,28,12,4,3,4.23,2.84
300494,盛天网络,14.3,70.14,56.96,171.33,0.41,17.31,13.46,-13.07,32.89,97.21,16.29,9.51,71.29,27,9,4,3,5.03,3.02
300081,恒信东方,5.97,36.11,36.1,-17.89,,-15.32,13.27,-21.45,26.86,92.69,9.38,4.56,105.7,25,12,4,3,5.11,2.85
301318,维海德,29.72,40.21,22.49,35.09,1.15,-2.04,14.48,-13.43,20.52,68.95,39.28,21.62,81.68,23,11,4,3,4.59,2.87
300590,移为通信,13.24,60.89,46.92,74.11,0.82,-11.2,12.69,-10.96,16.14,56.63,17.75,9.99,77.68,27,6,4,3,3.12,2.53
002421,达实智能,3.1,65.74,62.21,-11.89,,-5.49,14.02,-11.93,16.31,56.46,4.38,2.66,64.66,31,16,4,3,5.66,3.25
688010,福光股份,33.52,53.82,53.82,-85.89,,-13.43,18.93,-10.75,13.57,32.17,45.22,26.0,73.92,32,15,4,3,3.3,2.52
002663,普邦股份,2.0,34.47,25.86,-66.22,,8.11,11.83,-17.13,11.55,31.45,2.55,1.38,84.78,31,9,4,3,3.89,2.67
002390,信邦制药,3.36,65.31,64.77,32.16,2.03,-18.25,11.11,-14.25,7.64,27.19,4.41,3.08,43.18,31,7,4,3,3.69,3.06
600217,中再资环,4.19,69.46,69.46,-13.97,,-16.37,12.01,-7.69,6.47,25.59,5.65,3.99,41.6,28,9,4,3,6.05,3.26
000717,中南股份,2.64,63.99,63.98,-71.37,,6.45,8.12,-11.15,7.59,24.52,3.22,2.15,49.77,21,7,4,3,3.38,2.54
002482,广田集团,1.75,65.64,65.51,-51.59,,-10.71,11.43,-9.55,6.95,24.38,2.27,1.55,46.45,33,10,4,3,4.71,2.49
002470,金正大,1.8,59.15,59.14,-150.5,,-4.76,8.7,-11.59,9.62,22.32,2.13,1.56,36.54,33,9,4,3,2.5,2.25
603107,上海汽配,15.18,51.21,33.12,28.43,1.8,-3.13,5.15,-8.98,7.02,19.72,18.02,13.17,36.83,25,7,4,3,3.81,2.71
601368,绿城水务,5.11,45.12,45.12,25.0,1.8,12.56,8.58,-6.16,3.37,13.21,5.4,4.34,24.42,33,7,4,3,4.32,3.19
000544,中原环保,8.42,82.07,82.07,6.0,13.68,2.06,5.02,-8.19,2.69,8.2,9.18,7.34,25.07,27,7,4,3,4.94,2.6
301479,弘景光电,91.39,81.31,19.19,43.07,1.89,-4.8,17.13,-14.8,54.51,226.12,120.59,66.81,80.5,27,7,3,3,3.03,2.53
301628,强达电路,94.18,70.99,30.73,55.27,1.28,-14.65,15.25,-12.19,48.78,198.88,119.58,64.8,84.54,31,13,3,3,3.76,2.69
001378,德冠新材,24.06,32.08,15.82,40.44,0.79,15.01,5.19,-8.55,9.35,41.23,24.45,18.25,33.97,27,6,3,3,7.05,3.55
603995,甬金股份,18.71,68.41,68.41,11.4,6.0,-1.16,8.4,-12.1,8.27,39.06,21.38,15.25,40.2,28,12,3,3,5.85,3.16
605218,伟时电子,19.33,41.14,41.14,127.02,0.32,-14.73,6.73,-11.74,7.24,28.02,26.82,15.53,72.7,21,7,3,3,4.83,3.14
002538,司尔特,6.45,55.05,55.05,26.59,2.07,17.06,10.89,-14.11,9.04,26.7,7.0,4.69,49.25,30,9,3,3,4.05,2.92
000897,津滨发展,2.32,37.52,37.52,154.65,0.24,7.91,6.17,-8.03,10.44,26.15,2.63,1.89,39.15,33,6,3,3,2.5,2.27
600771,广誉远,18.58,90.95,90.95,86.47,1.05,4.68,10.33,-6.53,7.57,21.05,23.18,16.21,43.0,29,8,3,3,4.48,2.91
603348,文灿股份,20.73,65.19,65.19,2074.06,0.03,-10.03,10.43,-10.75,7.75,19.03,26.71,18.13,47.32,31,6,3,3,3.24,2.63
300396,迪瑞医疗,13.76,37.52,37.47,-32.25,,-5.1,9.21,-7.84,7.17,17.67,17.13,12.01,42.63,25,8,3,3,3.38,2.57
300187,永清环保,5.08,32.8,32.62,24.9,1.32,8.32,6.1,-9.74,5.43,13.35,5.68,4.02,41.29,35,5,3,3,3.72,2.83
600664,哈药股份,3.57,89.91,89.91,20.52,4.38,-3.77,8.24,-9.95,9.17,31.46,4.15,3.06,35.62,31,7,2,3,3.65,2.41
002016,世荣兆业,5.88,47.57,47.57,28.76,1.65,7.89,17.29,-15.43,7.34,30.24,8.51,4.96,71.57,34,6,2,3,2.83,2.43
000990,诚志股份,8.1,98.43,98.43,71.27,1.38,10.35,8.39,-6.94,4.89,12.46,8.24,6.69,23.17,30,11,2,3,3.36,2.39
300968,格林精密,15.23,62.96,62.96,243.94,0.26,-14.34,11.08,-14.41,12.58,33.4,21.92,11.71,87.19,32,14,12,2,4.16,2.74
688716,中研股份,42.99,52.31,30.06,376.26,0.14,-0.46,23.49,-11.48,43.47,127.67,59.95,24.21,147.62,27,19,10,2,3.24,2.57
301121,紫建电子,39.53,39.07,20.0,241.51,0.16,10.82,13.36,-14.49,38.06,98.22,55.55,28.53,94.71,26,10,9,2,3.28,2.53
603255,鼎际得,29.82,40.14,18.09,331.11,0.12,1.33,11.24,-9.6,13.73,36.64,40.95,21.33,91.98,22,13,9,2,3.48,2.52
300947,德必集团,21.38,32.31,32.3,241.23,0.13,19.84,23.68,-17.69,25.09,63.65,28.8,13.8,108.7,29,13,8,2,4.86,3.03
600503,华丽家族,2.83,45.34,45.34,-130.51,,16.46,14.46,-11.28,17.35,81.45,3.99,2.03,96.55,25,16,7,2,5.13,3.12
002791,坚朗五金,21.72,76.86,41.55,348.11,0.22,-0.28,7.81,-8.83,15.38,50.87,26.75,20.05,33.42,28,11,7,2,3.65,2.47
600576,祥源文旅,6.52,68.76,43.06,33.01,2.08,-16.62,17.64,-15.93,14.94,50.18,10.82,5.58,93.91,28,14,7,2,6.53,3.12
002992,宝明科技,47.08,85.15,74.4,-1271.1,,-16.72,20.41,-13.64,8.91,40.19,81.8,46.86,74.56,26,13,7,2,4.72,2.74
301535,浙江华远,22.7,96.54,14.48,91.71,1.05,1.2,9.62,-23.87,67.73,233.36,31.78,16.1,97.39,22,11,6,2,3.54,2.64
300688,创业黑马,32.66,54.67,48.46,-164.46,,0.74,19.19,-11.22,35.43,152.93,41.8,21.79,91.83,31,8,6,2,2.83,2.46
300386,飞天诚信,17.57,73.45,44.06,530.64,0.14,16.43,15.84,-11.27,37.56,125.52,24.0,10.76,123.05,27,15,6,2,4.97,2.59
002449,国星光电,8.72,53.93,53.93,129.98,0.41,-18.81,10.92,-10.18,22.67,119.74,12.33,6.93,77.92,28,13,6,2,4.33,2.66
002733,雄韬股份,20.33,78.11,74.99,55.07,1.42,13.26,17.93,-15.83,29.86,87.96,26.23,11.98,118.95,30,11,6,2,4.84,2.81
300758,七彩化学,14.04,57.01,51.43,58.26,0.98,1.74,13.25,-11.07,25.63,84.35,18.57,11.7,58.72,29,12,6,2,3.72,2.6
600215,派斯林,7.95,36.32,36.32,-32.2,,-0.75,18.32,-16.73,16.03,70.45,10.72,6.3,70.16,38,12,6,2,6.11,3.44
300787,海能实业,12.09,37.89,23.09,32.32,1.17,15.58,10.51,-14.35,16.73,48.58,16.21,7.93,104.41,26,13,6,2,4.24,2.77
002479,富春环保,5.04,43.6,43.5,13.44,3.24,11.5,20.09,-10.37,8.47,48.15,5.78,4.06,42.36,29,11,6,2,5.25,2.92
002962,五方光电,14.79,43.14,30.94,89.1,0.48,-6.92,5.85,-11.3,13.67,35.05,17.25,11.86,45.45,24,11,6,2,2.82,2.46
300105,龙源技术,7.48,38.58,38.58,76.84,0.5,12.82,8.25,-11.05,11.15,27.87,8.53,5.53,54.25,25,8,6,2,2.73,2.31
603082,北自科技,37.25,60.43,15.11,38.55,1.57,-4.78,17.33,-10.15,32.95,184.24,47.87,31.86,50.25,28,8,5,2,2.56,2.32
002861,瀛通通讯,18.94,35.28,28.44,-74.22,,12.47,32.08,-13.69,45.94,162.73,21.75,9.45,130.16,31,9,5,2,3.6,2.6
603070,万控智造,13.5,54.14,53.38,67.51,0.8,-2.95,13.69,-11.45,14.5,105.05,16.42,10.32,59.11,29,6,5,2,7.01,3.49
300673,佩蒂股份,18.34,45.64,29.7,30.13,1.51,2.29,13.42,-11.09,24.33,83.46,20.74,11.95,73.56,28,9,5,2,3.0,2.4
002835,同为股份,16.83,36.94,21.42,23.62,1.56,-10.1,7.64,-14.29,17.45,80.62,23.35,13.4,74.25,19,7,5,2,7.41,3.63
003038,鑫铂股份,16.18,39.43,26.78,445.68,0.09,-2.0,16.33,-11.94,15.63,77.22,23.44,14.66,59.89,28,14,5,2,5.81,3.38
002117,东港股份,12.15,63.63,63.61,38.76,1.64,-7.88,13.51,-13.0,22.63,71.37,15.24,9.5,60.42,31,13,5,2,3.58,2.57
300705,九典制药,15.86,79.35,58.52,14.64,5.42,3.66,11.39,-10.61,22.24,54.25,20.66,14.1,46.52,27,8,5,2,2.77,2.37
002973,侨银股份,13.9,56.8,43.3,28.37,2.0,17.1,23.85,-13.8,14.94,47.02,16.89,8.9,89.78,25,14,5,2,6.58,3.05
603922,金鸿顺,18.28,32.76,32.76,156.41,0.21,-18.03,21.05,-28.48,17.11,46.22,28.22,15.55,81.48,30,16,5,2,3.76,2.49
000926,福星股份,2.31,36.8,36.34,-3.18,,-1.28,20.56,-19.36,13.61,43.11,3.49,1.91,82.72,26,10,5,2,5.44,2.92
300788,中信出版,30.73,58.43,58.43,27.25,2.14,-6.11,8.24,-10.04,8.51,40.84,39.42,25.09,57.11,29,12,5,2,5.7,2.82
300973,立高食品,44.52,75.39,51.88,22.81,3.31,15.22,12.94,-9.28,13.64,35.7,56.51,33.03,71.09,24,15,5,2,3.49,2.49
601500,通用股份,4.84,76.92,76.62,52.39,1.47,-14.18,10.82,-12.52,9.09,27.51,6.09,4.08,49.26,32,10,5,2,5.31,3.14
605080,浙江自然,24.31,34.41,34.12,14.15,2.43,-17.9,15.05,-17.79,10.25,24.55,34.68,19.89,74.36,27,13,5,2,3.91,2.52
600469,风神股份,6.53,47.63,47.63,15.97,2.98,9.38,9.56,-10.67,5.26,24.41,7.38,4.68,57.69,26,5,5,2,5.05,3.59
002480,新筑股份,6.29,48.38,48.29,-85.8,,19.81,16.37,-8.79,9.73,24.0,7.91,4.57,73.09,36,10,5,2,4.33,2.63
300755,华致酒行,17.56,73.19,73.13,-27.62,,0.17,24.01,-11.9,7.09,21.94,23.85,13.32,79.05,28,15,5,2,3.48,2.56
688087,英科再生,30.81,59.79,57.38,19.82,3.02,-0.77,11.29,-11.5,5.45,13.62,33.09,19.24,71.99,26,10,5,2,4.33,2.84
688620,安凯微,12.72,49.86,29.55,-45.47,,12.57,51.32,-14.24,27.43,139.89,22.27,8.78,153.64,21,9,4,2,3.81,2.89
300354,东华测试,47.16,65.23,38.35,48.32,1.35,13.75,25.15,-9.49,30.19,82.81,56.4,33.02,70.81,26,9,4,2,3.2,2.56
600520,三佳科技,25.81,40.89,40.89,605.98,0.07,-18.01,6.99,-9.37,16.69,75.51,39.37,24.36,61.62,25,14,4,2,4.15,2.7
000421,南京公用,6.95,39.92,39.91,25.83,1.55,11.38,8.11,-12.12,14.42,48.97,8.56,4.95,72.93,28,11,4,2,4.16,2.85
300384,三联虹普,17.11,54.58,37.68,20.21,2.7,-5.57,14.9,-11.4,13.27,38.82,23.24,14.78,57.24,31,9,4,2,4.02,2.75
300532,今天国际,12.42,56.39,53.63,19.2,2.94,11.89,9.69,-9.77,11.24,33.15,14.33,9.46,51.48,25,9,4,2,5.5,3.02
002997,瑞鹄模具,37.14,77.74,77.74,16.43,4.73,-0.99,10.99,-7.52,13.5,31.25,49.5,30.58,61.87,22,4,4,2,3.43,2.66
000931,中 关 村,5.27,39.69,39.58,60.15,0.66,16.59,11.38,-10.45,8.09,25.06,5.86,3.92,49.49,33,10,4,2,6.41,3.19
300388,节能国祯,8.16,55.57,55.47,16.38,3.39,16.07,15.91,-8.91,6.64,24.12,10.62,5.98,77.59,25,11,4,2,6.36,3.0
603558,健盛集团,11.09,38.0,38.0,9.23,4.12,6.23,11.21,-8.24,7.16,23.07,13.5,7.33,84.17,31,7,4,2,3.73,2.76
688581,安杰思,63.98,51.9,26.59,21.99,2.36,11.5,15.24,-11.31,9.58,21.73,88.96,51.76,71.87,23,15,4,2,5.46,2.7
605377,华旺科技,8.59,47.82,47.82,17.37,2.75,-11.35,9.71,-9.04,4.95,21.46,10.5,7.62,37.8,27,16,4,2,5.83,2.97
603615,茶花股份,24.95,60.33,60.33,769.39,0.08,13.41,17.95,-9.38,7.3,20.79,29.68,19.04,55.88,23,8,4,2,3.65,2.85
002412,汉森制药,6.83,34.37,34.0,31.23,1.1,16.16,8.31,-10.19,8.9,18.85,7.36,5.21,41.27,29,9,4,2,3.53,2.69
603713,密尔克卫,59.21,93.63,93.63,13.38,7.0,16.39,8.84,-8.66,4.84,10.29,70.87,42.5,66.75,28,8,4,2,2.71,2.29
001388,信通电子,44.92,70.08,14.02,74.48,0.94,-19.97,4.74,-17.66,43.48,234.57,69.4,42.01,65.2,19,6,3,2,3.47,2.74
603210,泰鸿万立,20.23,68.86,15.25,35.54,1.94,-18.36,5.14,-14.85,31.78,195.77,39.5,19.01,107.79,27,7,3,2,3.51,2.8
301085,亚康股份,57.7,50.07,33.99,1386.79,0.04,-15.56,12.07,-15.37,24.98,92.75,91.73,46.88,95.67,24,13,3,2,3.3,2.62
300709,精研科技,47.3,88.01,70.61,43.79,2.01,16.42,20.6,-18.97,30.68,83.49,61.5,25.87,137.73,26,12,3,2,4.59,2.59
300479,神思电子,19.98,39.37,39.35,-27.95,,-2.11,15.97,-11.15,21.3,66.84,25.8,15.87,62.57,25,6,3,2,3.02,2.35
300691,联合光电,17.65,47.49,38.96,-146.16,,-4.44,13.88,-13.74,16.84,55.11,25.08,14.11,77.75,28,9,3,2,4.44,3.07
002785,万里石,37.11,84.1,71.81,3135.49,0.03,14.54,12.15,-12.42,18.91,45.44,40.9,22.7,80.18,31,14,3,2,4.25,2.81
300369,绿盟科技,8.19,66.39,66.18,-25.39,,14.07,15.11,-9.63,11.51,29.9,9.29,5.83,59.35,27,9,3,2,3.28,2.42
000913,钱江摩托,15.87,83.57,73.52,19.57,4.27,-15.76,9.22,-7.2,7.53,25.82,19.44,13.49,44.11,29,9,3,2,3.76,2.99
605077,华康股份,15.43,46.76,46.2,20.83,2.24,16.54,7.63,-8.62,5.62,17.32,20.0,12.41,61.16,24,12,3,2,5.98,3.06
301296,新巨丰,8.8,36.96,25.42,40.75,0.91,-8.05,6.1,-9.89,6.67,17.09,10.44,7.74,34.88,30,7,3,2,4.8,3.06
603387,基蛋生物,8.69,44.07,44.07,20.59,2.14,12.71,4.13,-9.31,5.24,16.21,8.95,7.13,25.53,27,4,3,2,2.55,2.4
002737,葵花药业,15.14,88.42,88.42,-197.72,,-13.09,5.38,-9.6,4.25,13.41,19.54,14.36,36.07,23,7,3,2,3.89,2.83
603689,皖天然气,8.33,43.82,43.41,12.53,3.5,1.71,3.69,-8.42,3.76,11.38,9.19,7.48,22.86,31,5,3,2,2.58,2.24
603661,恒林股份,31.92,44.39,44.39,11.94,3.72,12.59,6.52,-13.44,3.55,10.65,35.26,21.63,63.01,29,12,3,2,4.83,2.95
300154,瑞凌股份,9.48,42.62,29.87,33.02,1.29,-4.34,13.79,-12.45,14.58,56.19,13.15,7.09,85.47,26,6,2,2,3.05,2.42
002282,博深股份,7.52,39.62,37.98,19.09,2.08,-5.05,9.09,-10.82,7.77,31.38,8.79,6.08,44.57,32,4,2,2,3.37,2.56
002876,三利谱,24.34,42.32,36.25,70.55,0.6,-12.03,13.12,-11.98,10.55,27.85,29.45,19.8,48.74,30,7,2,2,3.24,2.54
002843,泰嘉股份,21.38,53.82,53.62,69.72,0.77,-13.93,17.3,-14.01,27.1,76.73,31.06,16.15,92.32,34,15,6,1,4.15,2.72
603666,亿嘉和,32.54,66.88,66.88,-118.54,,9.05,21.42,-15.89,19.77,58.17,41.6,23.9,74.06,35,9,6,1,4.03,2.64
603499,翔港科技,22.34,67.6,67.6,53.11,1.27,12.49,15.02,-15.01,11.09,32.07,23.53,14.31,64.43,29,17,6,1,4.27,2.68
301202,朗威股份,42.69,58.23,15.87,78.01,0.75,8.05,21.69,-11.69,52.35,198.08,58.22,30.15,93.1,25,11,5,1,3.24,2.51
003005,竞业达,22.39,51.81,28.43,-115.62,,7.54,25.34,-12.41,31.27,131.78,30.86,17.31,78.28,27,18,5,1,5.04,2.95
603887,城地香江,14.8,89.1,88.1,2342.27,0.04,-3.33,13.46,-9.09,22.99,103.39,24.2,13.2,83.33,30,7,5,1,3.13,2.42
301328,维峰电子,51.08,56.13,25.8,51.59,1.09,16.12,13.43,-12.77,29.7,81.27,53.2,29.31,81.51,27,4,5,1,3.91,2.87
002869,金溢科技,25.02,44.26,39.41,-112.11,,-3.95,12.15,-12.05,15.81,41.61,33.55,19.63,70.91,29,13,5,1,4.38,2.76
603566,普莱柯,13.05,45.16,45.16,21.56,2.09,11.44,9.16,-8.89,7.53,28.03,15.59,10.69,45.84,25,9,5,1,3.66,2.88
300833,浩洋股份,43.76,55.35,35.56,30.92,1.79,6.47,17.55,-15.95,8.04,24.35,49.4,27.05,82.62,25,13,5,1,4.35,2.79
688677,海泰新光,48.34,57.95,57.95,31.87,1.82,13.21,12.79,-13.77,6.32,17.17,57.0,26.63,114.04,25,16,5,1,3.55,2.53
603400,华之杰,56.68,56.68,11.34,38.44,1.47,7.0,16.75,-10.13,59.68,357.44,96.1,45.25,112.38,19,8,4,1,3.5,2.85
301458,钧崴电子,34.68,92.48,40.74,60.75,1.52,-7.59,12.84,-16.58,51.49,273.91,50.84,24.24,109.74,32,9,4,1,3.58,2.89
603863,松炀资源,18.95,38.78,38.78,-33.53,,9.35,15.85,-15.05,22.58,56.59,24.98,10.25,143.71,26,9,4,1,3.49,2.31
002949,华阳国际,15.52,30.43,23.57,32.32,0.94,-7.95,13.79,-19.72,14.01,40.51,19.73,12.21,61.59,30,11,4,1,3.88,2.81
300292,吴通控股,4.81,64.54,53.68,52.74,1.22,-8.9,6.37,-8.5,16.95,36.32,5.76,3.81,51.18,31,6,4,1,2.83,2.28
300504,天邑股份,15.44,41.85,33.7,-56.82,,-0.83,9.17,-11.86,10.5,21.82,18.38,11.61,58.31,31,7,4,1,3.36,2.68
300880,迦南智能,19.27,37.6,37.6,41.32,0.91,-10.58,5.54,-9.41,8.54,21.53,25.61,17.0,50.65,33,12,4,1,4.49,2.77
601588,北辰实业,1.78,59.93,47.35,-2.07,,4.71,12.43,-8.74,5.74,14.56,2.21,1.49,48.32,29,7,4,1,3.44,2.71
301630,同宇新材,174.1,69.64,17.41,50.85,1.37,-14.25,13.24,-15.19,62.86,224.33,237.9,157.01,51.52,12,3,3,1,4.1,2.71
603120,肯特催化,39.4,35.62,8.9,53.05,0.67,-3.46,8.0,-11.93,59.25,196.33,59.66,35.0,70.46,24,6,3,1,4.18,2.51
920015,锦华新材,53.86,73.02,20.33,35.88,2.04,-2.02,20.25,-15.37,82.87,178.91,70.35,36.03,95.25,10,1,3,1,2.57,2.57
002902,铭普光磁,21.98,51.65,39.04,-25.9,,4.42,10.89,-10.66,33.73,110.51,26.5,14.25,85.96,28,9,3,1,3.97,2.58
603803,瑞斯康达,10.69,45.42,45.42,-72.35,,-3.61,28.18,-14.98,26.48,105.1,14.69,7.3,101.23,32,13,3,1,4.38,2.92
301503,智迪科技,38.0,30.4,12.34,29.58,1.03,1.12,16.71,-14.11,19.6,102.92,49.04,27.05,81.29,23,1,3,1,3.22,3.22
300681,英搏尔,26.4,80.77,59.87,40.69,1.99,-3.9,22.56,-10.5,26.57,77.73,44.33,23.28,90.42,24,7,3,1,2.65,2.27
301552,科力装备,39.19,37.31,9.33,22.83,1.63,2.19,8.37,-14.88,30.62,74.15,44.71,27.11,64.92,35,7,3,1,3.66,2.62
300107,建新股份,7.04,39.62,24.45,497.23,0.08,-19.63,10.04,-11.32,13.37,36.97,10.51,6.31,66.56,29,11,3,1,5.23,3.02
301239,普瑞眼科,34.06,50.96,50.96,233.77,0.22,-18.75,9.0,-14.97,10.23,30.87,57.5,30.6,87.91,29,6,3,1,3.87,2.79
301062,上海艾录,8.97,38.78,27.95,-60.62,,-17.48,7.36,-11.25,13.47,27.85,12.93,6.81,89.87,29,9,3,1,4.02,3.02
000589,贵州轮胎,5.05,78.51,77.63,13.09,6.0,9.07,7.17,-8.97,7.02,21.44,5.31,3.97,33.75,28,7,3,1,3.77,3.01
600422,昆药集团,12.87,97.42,97.42,27.13,3.59,-18.9,11.18,-9.86,6.86,18.85,18.34,12.24,49.84,28,7,3,1,3.3,2.52
003006,百亚股份,21.01,90.27,90.04,27.68,3.26,-9.17,17.71,-11.16,5.44,15.37,34.99,19.66,77.98,30,12,3,1,6.01,2.66
688533,上声电子,30.33,49.39,49.39,27.45,1.8,-14.68,10.44,-12.19,5.86,14.42,40.2,23.08,74.18,27,8,3,1,3.15,2.37
000517,荣安地产,1.83,58.27,45.6,-68.03,,-14.49,11.22,-9.95,5.9,13.7,2.32,1.67,38.92,34,3,3,1,2.76,2.41
600335,国机汽车,6.54,97.82,97.82,20.32,4.81,6.0,5.24,-10.71,5.15,10.14,7.0,5.39,29.87,26,4,3,1,2.36,2.19
300864,南大环境,20.6,32.53,32.53,20.56,1.58,6.4,4.58,-10.97,3.78,8.56,21.99,16.65,32.07,29,7,3,1,3.11,2.57
603197,保隆科技,38.67,82.62,82.62,31.29,2.64,8.41,23.55,-12.97,13.22,37.45,54.16,31.49,71.99,28,10,7,0,3.67,2.59
688512,慧智微-U,11.68,54.53,37.91,-33.41,,16.45,9.82,-9.67,15.5,43.01,14.13,7.53,87.65,24,4,6,0,3.82,2.49
301596,瑞迪智驱,79.01,60.97,24.74,57.67,1.06,1.61,33.81,-12.38,37.21,197.68,122.78,64.84,89.36,25,6,5,0,3.11,2.33
301598,博科测试,65.89,38.81,11.56,37.32,1.04,-4.89,12.87,-14.3,36.82,116.78,78.0,47.3,64.9,34,7,5,0,4.0,2.72
688696,极米科技,111.32,77.92,77.92,73.37,1.06,-2.51,16.63,-11.29,7.44,19.83,136.98,95.14,43.98,29,10,5,0,3.95,2.77
300249,依米康,15.85,69.82,59.19,189.4,0.37,18.55,50.48,-20.78,43.95,156.57,22.4,10.42,114.97,26,10,4,0,4.52,2.73
002577,雷柏科技,18.55,52.07,52.06,476.69,0.11,-8.53,24.36,-11.67,12.7,65.93,30.0,15.83,89.51,27,7,4,0,2.81,2.38
688595,芯海科技,35.0,50.43,50.43,-60.06,,11.29,23.94,-11.04,13.83,35.03,49.5,28.4,74.3,22,2,4,0,2.38,2.37
002832,比音勒芬,15.38,87.77,59.89,10.62,8.26,-16.77,3.59,-8.02,8.89,24.26,20.38,14.87,37.05,27,6,4,0,3.19,2.38
688391,钜泉科技,30.64,35.29,35.29,59.43,0.59,5.98,6.49,-9.88,8.72,21.75,34.16,23.4,45.98,29,1,4,0,2.03,2.03
600512,腾达建设,2.47,39.37,39.21,18.75,2.1,9.29,4.49,-8.58,7.21,20.64,2.71,1.97,37.56,35,4,4,0,2.95,2.63
920100,三协电机,71.0,52.4,12.14,85.16,0.62,-10.27,13.19,-12.6,76.67,308.07,96.37,56.18,71.54,8,4,3,0,4.59,2.9
301491,汉桑科技,58.33,75.25,15.79,36.1,2.08,-13.1,8.86,-10.49,49.18,183.37,110.0,53.92,104.01,15,2,3,0,2.46,2.24
301220,亚香股份,37.51,42.3,29.2,26.22,1.61,17.62,43.89,-9.56,27.16,115.63,64.34,23.94,168.76,24,10,3,0,3.5,2.47
920007,酉立智能,71.98,31.98,7.66,28.67,1.12,-12.45,4.77,-9.02,27.07,99.37,97.8,67.54,44.8,9,7,3,0,4.75,2.57
688255,凯尔达,37.31,40.99,40.99,241.04,0.17,-10.55,20.51,-14.11,20.8,92.41,50.83,24.71,105.71,24,9,3,0,3.39,2.51
002035,华帝股份,6.26,53.06,48.96,11.19,4.74,-6.71,6.8,-8.56,7.01,20.43,7.48,5.91,26.57,32,1,3,0,3.13,3.13
300110,华仁药业,3.34,39.49,39.44,54.26,0.73,-0.6,7.01,-9.39,8.72,17.48,3.75,2.71,38.38,27,2,3,0,2.38,2.24
605009,豪悦护理,32.45,69.79,69.64,25.74,2.71,18.65,12.03,-14.71,7.42,16.78,52.28,25.23,107.21,27,9,3,0,4.85,3.03
