bond_code,bond_price,convert_value,premium_rate,ytm,remaining_size,convert_price,maturity_redemption_price,coupon_rate_1,coupon_rate_2,coupon_rate_3,coupon_rate_4,coupon_rate_5,coupon_rate_6,coupon_rate_7,coupon_rate_8,coupon_rate_9,coupon_rate_10
118067,,79.356,,,3.2485,32.6,113.0,0.2,0.4,0.8,1.5,2.0,2.5,,,,
123266,,78.541,,,3.75,30.43,112.0,0.1,0.3,0.6,1.0,1.5,2.0,,,,
127113,,98.456,,,7.586007,11.01,110.0,0.2,0.4,0.6,1.0,1.5,2.0,,,,
113701,,81.236,,,4.0,13.59,114.0,0.2,0.4,0.8,1.5,2.0,2.5,,,,
118066,137.141,68.808,99.3097,-2.8797,5.76,56.2,110.0,0.2,0.4,0.6,1.0,1.5,2.0,,,,
113700,143.512,84.345,70.1488,-3.566,8.01,12.52,110.0,0.1,0.3,0.6,1.0,1.5,2.0,,,,
110100,136.704,84.881,61.0537,-2.9134,10.0,4.63,110.0,0.1,0.3,0.6,1.0,1.5,2.0,,,,
118065,147.858,85.294,73.351,-4.1045,19.0132,79.83,108.0,0.2,0.4,0.6,1.5,1.8,2.0,,,,
127112,153.81,89.246,72.3439,-4.7348,17.34,84.71,107.0,0.2,0.4,0.6,1.5,1.8,2.0,,,,
123265,162.7,91.519,77.7773,-4.6337,4.5,38.44,114.0,0.2,0.4,0.8,1.5,2.0,2.5,,,,
118064,227.812,135.043,68.6959,-8.6696,6.95,63.55,110.0,0.1,0.3,0.6,1.0,1.5,2.0,,,,
123264,138.654,76.921,80.2551,-3.1288,8.0,36.7,110.0,0.2,0.4,0.6,1.0,1.5,1.8,,,,
118063,157.633,90.3,74.5659,-5.0902,16.715,89.28,108.0,0.1,0.3,0.6,1.0,1.5,2.0,,,,
123263,155.666,87.919,77.0562,-4.7338,8.276642,43.54,110.0,0.1,0.3,0.6,1.0,1.5,2.0,,,,
118062,170.883,106.209,60.8931,-5.6516,8.72,55.73,112.0,0.2,0.4,0.6,1.0,1.5,2.0,,,,
123262,142.398,80.654,76.5542,-3.5288,5.0,38.82,110.0,0.2,0.4,0.6,1.0,1.5,1.8,,,,
111024,159.758,94.301,69.4128,-4.8288,5.8,34.04,112.0,0.2,0.4,0.6,1.0,1.5,2.0,,,,
123261,148.583,86.035,72.7006,-3.508,2.429326,18.26,114.0,0.2,0.4,0.8,1.5,2.0,2.5,,,,
118061,196.961,82.576,138.5209,-7.0965,5.625,364.43,113.0,0.2,0.4,0.8,1.5,2.0,2.5,,,,
118060,179.55,124.279,44.4733,-6.3083,10.0,73.85,112.0,0.2,0.4,0.6,1.0,1.5,2.0,,,,
123260,168.3,90.707,85.5425,-5.2246,4.5,52.3,114.0,0.2,0.4,0.8,1.5,2.0,2.5,,,,
118059,152.664,89.745,70.1086,-4.692,8.5,13.75,108.0,0.2,0.4,0.6,1.5,1.8,2.0,,,,
123259,200.203,156.926,27.578,-7.7075,16.765838,72.55,110.0,0.2,0.4,0.8,1.2,1.8,2.0,,,,
110099,152.172,113.516,34.0533,-4.9464,38.02,9.84,106.0,0.2,0.4,0.6,1.5,1.7,2.0,,,,
113699,159.517,92.83,71.8378,-5.0143,20.0,63.46,112.0,0.1,0.3,0.6,1.0,1.5,2.0,,,,
113697,270.491,208.5,29.7319,-10.651,15.0,30.47,109.0,0.1,0.3,0.6,1.0,1.5,2.0,,,,
123258,155.908,96.383,61.7588,-4.5066,4.5,54.46,113.0,0.2,0.4,0.8,1.5,1.9,2.3,,,,
127111,138.699,88.77,56.2454,-3.3634,12.923948,19.59,110.0,0.1,0.3,0.6,1.0,1.5,2.0,,,,
113698,148.299,103.532,43.2398,-4.33,3.08447,12.74,110.0,0.2,0.4,0.6,1.0,1.5,1.8,,,,
118058,264.1,207.09,27.5291,-10.5896,11.7,33.57,110.0,0.2,0.4,0.8,1.2,1.5,2.0,,,,
127110,152.566,122.888,24.1504,-5.2525,49.0,3.67,106.0,0.2,0.4,0.8,1.2,1.6,2.0,,,,
111023,176.819,135.914,30.0962,-6.741,7.5,12.14,110.0,0.1,0.3,0.6,1.2,1.8,2.0,,,,
113696,139.144,87.486,59.0472,-3.5005,28.02,52.42,110.0,0.1,0.3,0.6,1.0,1.5,2.0,,,,
118057,169.986,128.103,32.6948,-5.8351,11.65,28.36,113.0,0.2,0.4,0.8,1.5,2.0,2.5,,,,
113695,186.543,144.08,29.4718,-6.927,4.6,23.48,114.0,0.2,0.4,0.8,1.5,2.0,2.5,,,,
111022,153.391,107.155,43.1487,-4.4371,5.2,22.64,113.0,0.2,0.4,0.8,1.5,1.9,2.3,,,,
123257,146.0,99.638,46.5304,-4.3924,11.0482,110.58,108.0,0.2,0.4,0.6,1.5,1.8,2.0,,,,
127109,164.8,130.792,26.0016,-5.8196,4.87,10.1,110.0,0.2,0.4,0.8,1.5,1.8,2.0,,,,
118056,190.8,147.92,28.9886,-7.5244,6.15,32.7,112.0,0.2,0.4,0.8,1.0,1.6,2.0,,,,
123256,247.231,206.459,19.7482,-10.0313,3.2759,62.55,114.0,0.2,0.4,0.8,1.5,2.0,2.5,,,,
118055,200.263,201.724,-0.7243,,11.75,62.65,110.0,0.1,0.3,0.6,1.0,1.5,2.0,,,,
113694,151.598,129.471,17.0903,-4.2839,5.0,12.86,114.0,0.2,0.4,0.8,1.5,2.0,2.5,,,,
118054,169.919,182.766,-7.0292,,8.305,128.7,115.0,0.3,0.5,1.0,1.5,2.0,2.5,,,,
123255,226.235,163.624,38.2652,-9.8238,9.1,28.48,110.0,0.2,0.4,0.8,1.5,1.8,2.0,,,,
127108,139.648,115.135,21.2907,-3.2262,29.5,5.55,112.0,0.2,0.4,1.0,1.5,2.0,3.0,,,,
123254,173.0,139.956,23.6103,-6.563,50.0,50.28,112.0,0.2,0.4,0.6,1.5,1.8,2.0,,,,
113693,129.383,80.295,61.1346,-2.3421,6.7,11.52,110.0,0.3,0.5,0.8,1.2,1.8,2.0,,,,
118053,133.529,75.891,75.9484,-2.6675,10.41095,38.45,112.0,0.2,0.4,0.6,1.2,1.6,2.0,,,,
118052,148.193,98.392,50.6149,-3.8735,3.5429,24.26,115.0,0.2,0.4,0.8,1.5,2.0,2.5,,,,
123253,137.045,88.371,55.0792,-2.8585,9.8,18.23,113.0,0.2,0.4,0.8,1.5,1.9,2.3,,,,
113070,129.499,95.851,35.1045,-2.9331,19.0,4.82,108.0,0.2,0.4,0.6,0.8,1.5,2.0,,,,
123252,145.7,96.563,50.886,-4.0299,7.85,12.51,113.0,0.2,0.4,0.8,1.5,1.9,2.3,,,,
110098,133.569,98.828,35.153,-3.3522,10.81491,5.12,108.0,0.2,0.4,0.6,1.5,1.8,2.0,,,,
123251,280.5,225.368,24.4631,-12.0822,7.5,22.43,115.0,0.2,0.4,0.8,1.5,2.0,2.5,,,,
118051,212.202,164.789,28.7719,-9.594,8.2235,40.47,113.0,0.2,0.4,0.8,1.2,1.6,2.0,,,,
127107,,144.918,,,21.374181,9.15,108.0,0.2,0.4,0.6,1.5,1.8,2.0,,,,
123250,126.04,59.879,110.4912,-1.2608,3.979384,79.66,114.0,0.2,0.4,0.8,1.5,2.0,2.5,,,,
113692,131.405,81.59,61.0553,-2.9789,13.9,39.38,110.0,0.1,0.3,0.6,1.0,1.5,2.0,,,,
113691,169.647,141.5,19.8919,-7.0415,46.0,2.0,110.0,0.3,0.5,1.0,1.5,1.8,2.0,,,,
123249,,122.368,,,8.171597,17.57,110.0,0.3,0.5,1.0,1.5,1.8,2.0,,,,
110097,142.323,110.353,28.9707,-4.222,9.9,8.21,110.0,0.3,0.5,1.0,1.5,1.8,2.0,,,,
113690,,124.674,,,5.5,8.43,113.0,0.2,0.4,0.8,1.5,1.9,2.1,,,,
113689,,184.401,,,4.03431,15.45,115.0,0.2,0.4,0.8,1.5,2.0,2.5,,,,
113688,136.381,96.166,41.8183,-3.2281,8.0,6.52,112.0,0.2,0.4,0.6,1.5,1.8,2.0,,,,
118050,304.834,232.372,31.1836,-13.7866,6.67,24.96,115.0,0.2,0.4,0.8,1.5,2.0,2.5,,,,
123248,,193.593,,,5.0,18.26,112.0,0.2,0.4,0.6,1.5,1.8,2.0,,,,
123247,251.51,217.876,15.4372,-12.3774,27.0,11.3,110.0,0.3,0.5,1.0,1.5,1.8,2.0,,,,
123246,162.14,163.399,-0.7705,-473.4925,2.86467,22.95,118.0,0.5,0.7,1.0,1.7,2.5,3.0,,,,
123245,246.0,204.362,20.3746,-11.613,2.546,18.11,115.0,0.4,0.6,1.0,1.6,2.5,3.0,,,,
127106,,196.047,,,2.6971,8.6,115.0,0.5,0.7,1.0,1.8,2.5,3.0,,,,
110096,,213.776,,,7.1,6.17,112.0,0.1,0.3,0.6,1.0,1.5,2.0,,,,
118049,188.375,188.568,-0.1024,-8.7618,11.487,7.61,112.0,0.2,0.4,0.6,1.5,1.8,2.0,,,,
123244,,75.052,,,4.1,28.7,115.0,0.2,0.4,0.8,1.5,2.0,2.5,,,,
111021,147.171,100.441,46.5248,-4.3069,8.1212,24.94,115.0,0.3,0.4,0.8,1.5,2.0,2.5,,,,
111020,137.401,95.373,44.067,-2.98,3.38,10.59,115.0,0.2,0.4,0.8,1.5,2.0,2.5,,,,
113687,436.286,416.463,4.7598,-17.1697,4.0621,8.2,110.0,0.2,0.4,0.8,1.5,1.8,2.0,,,,
123243,211.393,204.402,3.4202,-10.2206,4.678889,7.27,114.0,0.2,0.4,0.8,1.5,2.0,2.5,,,,
123242,,113.121,,,2.5,36.81,115.0,0.3,0.5,1.0,1.7,2.3,2.8,,,,
123241,728.8,595.901,22.3022,-19.6809,6.445265,43.43,112.0,0.1,0.3,0.6,1.0,1.5,2.0,,,,
118048,165.531,166.377,-0.5085,,5.2,16.12,115.0,0.2,0.4,0.8,1.5,2.0,2.5,,,,
113686,161.527,130.552,23.7262,-6.0232,3.378,8.15,115.0,0.3,0.5,1.0,1.5,2.0,2.5,,,,
113685,,110.861,,,28.0,12.89,112.0,0.2,0.4,0.6,1.5,1.8,2.0,,,,
111019,,149.268,,,9.6,7.51,115.0,0.2,0.4,0.8,1.5,2.0,2.5,,,,
113684,,199.235,,,5.7739,16.99,113.0,0.2,0.4,0.8,1.5,2.0,2.5,,,,
113683,,145.077,,,2.85,18.28,110.0,0.2,0.4,0.8,1.5,1.8,2.0,,,,
113682,129.718,75.314,72.2362,-3.0169,17.97432,31.84,110.0,0.3,0.5,1.0,1.5,1.8,2.0,,,,
127105,134.465,100.517,33.7734,-2.9256,7.547539,5.8,115.0,0.2,0.4,0.8,1.5,2.0,2.5,,,,
123240,,93.2,,,10.0,10.0,110.0,0.3,0.5,1.0,1.5,1.8,2.0,,,,
127104,148.116,103.589,42.9843,-4.9136,5.831273,20.06,115.0,0.3,0.5,1.0,1.7,2.5,3.0,,,,
123239,112.4,113.394,-0.8766,,6.2,24.19,115.0,0.2,0.4,0.8,1.5,2.0,2.5,,,,
123238,,106.06,,,5.29,49.01,115.0,0.2,0.4,0.8,1.5,2.0,2.5,,,,
123237,144.001,106.984,34.6005,-4.9076,10.04,13.46,113.0,0.2,0.4,0.8,1.5,2.0,2.5,,,,
127103,147.0,127.679,15.1325,-6.2523,20.0,5.6,108.0,0.3,0.5,1.0,1.5,1.8,2.0,,,,
113681,140.2,119.821,17.0079,-3.9628,6.6,11.2,115.0,0.2,0.4,0.8,1.5,2.0,2.5,,,,
127102,126.6,83.464,51.6822,-3.0957,10.0,10.22,108.0,0.2,0.4,0.6,1.5,1.8,2.0,,,,
111018,131.937,89.545,47.3416,-2.5536,13.03023,16.26,115.0,0.2,0.4,0.8,1.5,2.0,2.5,,,,
123236,160.8,147.162,9.2673,-6.929,7.5,15.33,115.0,0.2,0.5,0.8,1.5,1.8,2.0,,,,
113069,,121.305,,,17.0,15.63,109.0,0.3,0.5,0.8,1.5,1.8,,,,,
127101,,136.644,,,11.0,50.65,112.0,0.3,0.5,1.0,1.5,1.9,2.1,,,,
123235,188.332,133.693,40.869,-9.7725,5.2021,21.31,115.0,0.3,0.5,1.0,1.5,2.0,2.5,,,,
127100,,109.074,,,13.38999,32.51,110.0,0.3,0.5,1.0,1.5,1.8,2.0,,,,
118046,,68.289,,,4.34,42.73,115.0,0.2,0.4,0.8,1.5,2.0,2.5,,,,
123234,,143.302,,,4.0,6.42,115.0,0.2,0.4,0.8,1.5,1.8,2.5,,,,
127099,133.008,93.992,41.5099,-2.705,7.4,15.48,115.0,0.3,0.5,1.0,1.5,2.2,3.0,,,,
123233,,100.987,,,6.5,20.26,115.0,0.2,0.4,0.8,1.5,2.0,2.5,,,,
123232,,117.146,,,2.025125,9.39,,0.3,0.5,1.0,1.7,2.4,3.0,,,,
127098,127.619,58.476,118.2417,-2.4621,4.7,42.0,112.0,0.2,0.4,0.8,1.5,1.8,2.0,,,,
113680,139.882,100.852,38.7003,-3.8444,3.0,12.91,115.0,0.2,0.4,1.0,1.8,2.5,3.0,,,,
123231,,111.656,,,5.45,36.89,115.0,0.2,0.5,1.0,1.5,2.0,2.5,,,,
123230,,136.46,,,3.5,29.1,115.0,0.4,0.6,1.0,1.8,2.5,3.0,,,,
127097,,123.479,,,2.1,37.65,113.0,0.3,0.5,1.0,1.6,2.3,2.8,,,,
113679,139.033,108.941,27.6223,-3.9171,8.8,12.75,115.0,0.3,0.5,1.0,1.5,2.0,2.5,,,,
127096,200.5,175.358,14.3375,-11.1751,2.955,13.27,115.0,0.5,0.7,1.0,1.7,2.5,3.0,,,,
123229,134.072,80.0,67.59,-2.8706,5.0,10.0,115.0,0.3,0.5,1.0,1.8,2.5,3.0,,,,
123228,,280.981,,,11.95,61.57,115.0,0.2,0.4,0.8,1.5,2.0,2.5,,,,
123227,,92.688,,,3.63,53.34,115.0,0.3,0.5,1.0,1.5,2.5,3.0,,,,
113678,160.843,126.68,26.968,-7.0309,5.17,20.54,115.0,0.2,0.4,1.2,1.8,2.5,3.0,,,,
127095,138.489,105.182,31.6661,-3.887,7.0,9.07,115.0,0.2,0.4,0.8,1.5,2.0,2.5,,,,
127094,109.569,108.525,0.962,90.5216,3.16,10.44,115.0,0.3,0.5,1.0,1.7,2.4,3.0,,,,
127093,137.49,91.527,50.218,-3.9593,2.43,10.15,113.0,0.25,0.45,0.9,1.7,2.5,2.8,,,,
123226,,236.416,,,5.2,36.44,115.0,0.2,0.4,0.8,1.5,1.8,2.5,,,,
123225,140.304,109.913,27.6501,-3.5818,8.0,27.44,118.0,0.3,0.5,1.0,1.5,2.0,3.0,,,,
127092,332.0,241.108,37.6976,-18.2496,7.3,12.09,116.0,0.2,0.4,1.0,1.5,2.0,3.2,,,,
123224,171.517,136.773,25.4027,-8.6682,5.0,36.82,115.0,0.2,0.4,0.6,1.7,2.4,3.0,,,,
123223,136.91,90.836,50.7222,-3.9754,3.6,14.95,113.0,0.3,0.5,1.0,1.5,2.5,3.0,,,,
113677,290.271,231.002,25.6574,-17.2641,10.5,33.74,112.0,0.3,0.5,1.0,1.5,1.8,2.0,,,,
118045,,87.336,,,3.0,42.72,112.0,0.2,0.4,0.6,1.5,1.8,2.5,,,,
118044,139.215,128.466,8.3672,-4.5452,4.42,18.9,113.0,0.2,0.4,0.8,1.5,2.0,2.5,,,,
123222,207.5,169.065,22.7339,-12.3022,5.0,16.68,115.0,0.2,0.4,1.0,1.5,1.8,2.5,,,,
123221,,112.986,,,5.0,14.4,108.0,0.3,0.5,1.0,1.5,1.8,2.5,,,,
127091,,176.348,,,14.92068,34.67,111.0,0.3,0.5,1.0,1.5,1.8,2.0,,,,
113676,133.601,,,,5.76,,115.0,0.2,0.4,0.8,1.5,1.8,2.0,,,,
123220,137.974,95.829,43.9794,-4.0688,3.281967,8.87,115.0,0.2,0.4,0.6,1.5,1.8,2.0,,,,
111017,133.265,104.135,27.9733,-4.1986,8.7,7.98,110.0,0.3,0.5,1.0,1.5,1.8,2.0,,,,
118043,,128.665,,,7.0,21.28,115.0,0.3,0.5,0.8,1.5,2.0,3.0,,,,
123219,,155.657,,,6.0,15.29,113.0,0.3,0.5,1.0,1.5,2.5,3.0,,,,
113675,,128.53,,,11.6,51.35,115.0,0.3,0.5,1.0,1.5,2.0,3.0,,,,
123218,,99.325,,,3.8,29.62,115.0,0.3,0.5,1.0,1.8,2.5,3.0,,,,
118042,144.896,94.314,53.6315,-5.2329,11.4,84.42,115.0,0.2,0.4,0.8,1.5,2.0,2.5,,,,
110095,146.708,118.447,23.8596,-6.5544,26.0,6.18,110.0,0.2,0.5,1.0,1.5,1.8,2.0,,,,
123217,,108.331,,,5.7,41.77,110.0,0.3,0.4,0.8,1.5,1.8,2.0,,,,
123216,135.7,92.204,47.1737,-3.5976,21.98,6.67,115.0,0.3,0.5,1.0,1.5,1.8,2.0,,,,
123215,140.5,114.74,22.4508,-3.8168,10.0,19.2,118.0,0.3,0.5,1.0,1.5,2.0,3.0,,,,
118041,139.74,102.42,36.4382,-4.3684,6.2,23.14,114.0,0.2,0.4,1.0,1.8,2.5,3.0,,,,
123214,128.989,82.202,56.9171,-2.6601,4.55,6.63,113.0,0.3,0.5,1.0,1.5,2.0,2.5,,,,
123213,249.778,233.473,6.9837,-15.9748,10.0,7.14,112.0,0.3,0.5,1.0,1.5,2.0,2.5,,,,
113068,,142.222,,,14.5,6.75,108.0,0.2,0.4,0.6,1.5,1.8,2.0,,,,
123211,170.2,129.418,31.5118,,6.5,9.28,,0.3,0.5,1.0,1.5,2.0,2.5,,,,
113067,134.197,100.135,34.0161,-5.224,30.0,7.4,107.0,0.2,0.4,0.8,1.2,1.8,2.0,,,,
123210,,95.141,,,12.14756,111.74,108.0,0.3,0.4,0.8,1.5,1.8,2.0,,,,
123212,,86.296,,,8.998,23.57,113.0,0.3,0.5,1.0,1.5,2.0,2.5,,,,
123209,195.3,160.045,22.0282,-11.8692,2.185,17.77,113.0,0.3,0.5,1.0,1.5,2.5,3.0,,,,
118040,140.489,94.809,48.1811,-4.3129,4.3,28.51,115.0,0.5,0.7,1.0,1.8,2.5,3.0,,,,
111016,,124.397,,,5.77,11.6,115.0,0.2,0.4,0.8,1.5,2.0,3.0,,,,
123208,,71.453,,,10.39,11.63,,0.3,0.5,1.0,1.5,1.8,2.0,,,,
127090,138.35,95.176,45.3623,-4.353,4.62,25.5,114.0,0.2,0.4,0.8,1.5,2.0,2.5,,,,
123207,213.4,197.797,7.8884,-13.1649,4.0,10.44,115.0,0.4,0.6,1.1,1.5,2.5,3.0,,,,
113674,134.476,87.101,54.3909,-4.0699,4.0,8.45,112.0,0.3,0.5,1.0,1.5,1.8,2.0,,,,
118039,160.319,125.205,28.0452,-7.9926,4.10806,7.3,113.0,0.5,0.7,1.0,1.6,2.2,3.0,,,,
123206,,139.506,,,2.5,5.67,115.0,0.3,0.5,1.0,1.8,2.5,3.0,,,,
113673,159.718,116.282,37.354,-8.2058,9.07939,7.37,112.0,0.3,0.5,1.0,1.5,1.8,2.0,,,,
127089,129.9,105.489,23.1408,-4.1828,89.603077,11.66,108.0,0.2,0.4,0.6,1.5,1.8,2.0,,,,
113672,,74.449,,,6.4,12.25,108.0,0.3,0.5,1.0,1.5,1.8,2.0,,,,
110094,,100.61,,,13.75,8.2,110.0,0.2,0.4,0.8,1.5,1.8,2.0,,,,
118038,148.365,148.55,-0.1245,-5.9184,10.16,18.97,115.0,0.3,0.5,1.0,1.5,1.8,2.0,,,,
123205,,130.685,,,4.760312,20.01,113.0,0.2,0.4,0.6,1.7,2.8,3.5,,,,
123204,,99.045,,,7.0,20.94,115.0,0.2,0.4,0.8,1.5,2.0,3.0,,,,
113671,140.461,96.847,45.0339,-5.6596,3.1,7.93,110.0,0.3,0.5,1.0,1.5,1.8,2.0,,,,
111015,132.764,102.022,30.1327,-3.0919,6.9,20.28,115.0,0.2,0.4,0.8,1.5,2.0,2.5,,,,
118037,132.7,89.238,48.7035,-3.9288,5.2,28.99,111.0,0.3,0.5,1.0,1.6,2.0,2.8,,,,
127088,154.0,124.165,24.0285,-6.8473,6.0,16.76,115.0,0.2,0.5,1.0,1.5,2.0,3.0,,,,
123202,,198.523,,,4.6,19.64,115.0,0.2,0.4,1.0,1.5,2.0,2.5,,,,
123203,,171.864,,,4.485,14.75,118.0,0.3,0.5,1.0,1.5,2.0,3.0,,,,
118036,137.88,92.896,48.424,-4.1361,3.8,23.93,115.0,0.3,0.5,0.8,1.5,2.0,2.5,,,,
123201,,60.375,,,3.5,29.88,115.0,0.5,0.7,1.0,1.8,2.5,3.0,,,,
123200,,109.105,,,3.965716,26.69,118.0,0.5,0.7,1.0,1.8,2.5,3.0,,,,
111014,125.359,58.519,114.2193,-2.233,6.0,18.37,112.0,0.3,0.5,1.0,1.5,1.8,2.0,,,,
127087,,97.378,,,4.629,13.35,115.0,0.3,0.5,1.0,1.5,2.5,3.0,,,,
123199,141.3,109.098,29.5166,-6.3412,3.2,13.3,108.0,0.2,0.5,1.0,1.5,2.0,3.0,,,,
127086,,126.614,,,31.6,11.46,108.0,0.2,0.4,0.6,1.5,1.8,2.0,,,,
118035,138.0,90.31,52.807,-4.2158,4.8,62.54,115.0,0.3,0.5,1.0,1.5,1.8,2.0,,,,
123198,136.802,113.907,20.0997,-3.8114,5.2,7.55,115.0,0.3,0.6,1.2,1.5,2.4,3.0,,,,
123197,131.2,131.489,-0.2198,,4.0,21.15,115.0,0.4,0.6,1.2,1.8,2.4,3.0,,,,
118034,126.826,121.89,4.0496,-3.8346,100.0,6.35,108.0,0.2,0.4,0.6,1.5,1.8,2.0,,,,
123196,131.798,77.656,69.7203,-3.1943,3.5073,21.93,115.0,0.2,0.4,0.6,1.5,1.8,2.0,,,,
123195,159.658,109.801,45.4067,-8.0332,5.460645,59.38,115.0,0.4,0.6,1.1,1.8,2.5,3.0,,,,
113670,125.121,49.894,150.7736,-1.5199,7.7,37.64,115.0,0.3,0.5,1.0,1.5,1.8,2.0,,,,
123194,131.898,91.364,44.3654,-3.5759,8.6,25.36,113.0,0.3,0.5,1.0,1.5,2.0,2.5,,,,
123193,129.819,80.544,61.1777,-2.6062,6.0,14.7,115.0,0.3,0.5,1.0,1.5,2.0,3.0,,,,
123192,128.499,72.455,77.3501,-2.2961,7.249178,17.39,115.0,0.3,0.5,1.0,1.5,2.0,3.0,,,,
127085,121.84,56.607,115.2384,-2.6797,24.5,11.73,108.0,0.2,0.4,0.6,1.5,1.8,2.0,,,,
123191,,114.436,,,6.9958,12.33,112.0,0.2,0.4,0.6,1.5,1.8,2.5,,,,
123190,,160.22,,,26.0,15.46,115.0,0.3,0.5,1.0,1.5,2.0,2.5,,,,
123189,135.099,93.278,44.8348,-4.0783,3.29,19.34,113.0,0.3,0.5,1.1,1.8,2.5,3.0,,,,
113669,,226.954,,,11.54,25.71,108.0,0.3,0.5,1.0,1.5,1.8,2.0,,,,
123187,191.499,177.308,8.0036,-12.3241,4.69,30.98,115.0,0.4,0.6,1.1,1.5,2.5,3.0,,,,
123188,167.681,149.705,12.0076,-9.3006,6.94987,13.54,115.0,0.4,0.6,1.2,1.8,2.5,3.0,,,,
123185,,67.303,,,3.47907,37.71,110.0,0.2,0.4,1.0,2.8,3.5,3.6,,,,
123186,,59.153,,,6.14033,41.08,115.0,0.3,0.5,1.0,1.7,2.4,2.8,,,,
113668,,36.391,,,5.24,59.08,115.0,0.4,0.6,1.2,1.8,2.5,3.0,,,,
127084,154.821,130.0,19.0931,-8.1767,30.0,7.3,112.0,0.2,0.4,1.0,1.5,2.3,3.0,,,,
127083,125.346,76.084,64.7469,-3.7412,48.36,7.61,108.0,0.2,0.4,0.6,1.5,1.8,2.0,,,,
123183,133.05,95.2,39.7584,-3.6544,6.33,17.29,115.0,0.3,0.5,1.0,1.5,2.0,3.0,,,,
123184,,111.729,,,9.75,14.92,115.0,0.3,0.4,0.8,1.5,2.3,3.0,,,,
123182,,103.837,,,7.0,32.32,115.0,0.3,0.5,1.0,1.8,2.5,3.0,,,,
118033,144.354,110.719,30.3787,-5.996,6.46,82.75,115.0,0.3,0.5,1.0,1.5,2.0,3.0,,,,
123181,,169.333,,,2.61,38.25,115.0,0.4,0.6,1.0,1.8,2.5,3.0,,,,
113667,163.182,135.369,20.5461,-9.2007,5.7,10.15,115.0,0.3,0.5,1.0,1.5,2.0,2.5,,,,
113066,147.683,113.697,29.8917,-8.6273,29.0,7.52,107.0,0.2,0.4,0.8,1.2,1.6,2.0,,,,
110093,131.353,95.438,37.6318,-5.4674,30.0,8.11,107.0,0.2,0.4,0.8,1.2,1.8,2.0,,,,
123180,141.483,76.237,85.5831,-5.4988,3.2,47.89,115.0,0.2,0.6,0.8,1.5,2.0,3.0,,,,
127082,155.2,120.416,28.8865,-8.7026,11.59,5.29,112.0,0.3,0.5,1.0,1.5,1.8,2.0,,,,
111013,146.684,126.298,16.1412,-6.464,3.69135,8.67,115.0,0.3,0.5,1.0,1.5,2.2,3.0,,,,
118032,125.722,45.698,175.1149,-1.9463,7.0,71.71,115.0,0.3,0.5,1.0,1.5,2.0,3.0,,,,
123179,123.8,34.532,258.5081,-1.3697,9.5,95.13,115.0,0.3,0.4,0.8,1.5,2.3,3.0,,,,
123178,138.2,104.981,31.6429,-4.8388,12.0,13.45,115.0,0.3,0.5,1.0,1.5,2.0,2.5,,,,
127081,,166.832,,,5.4,30.27,111.0,0.3,0.5,1.0,1.6,2.0,2.8,,,,
123176,260.573,198.192,31.475,-18.9955,12.76,64.71,112.0,0.2,0.4,0.6,1.5,1.8,2.0,,,,
123177,,122.255,,,4.066821,13.48,115.0,0.2,0.4,1.0,1.5,2.0,2.5,,,,
113666,130.394,86.396,50.926,-4.496,20.0,37.49,110.0,0.3,0.5,1.0,1.5,1.8,2.0,,,,
123175,122.327,66.912,82.8177,-1.6913,4.2,20.4,112.0,0.3,0.5,1.0,1.8,2.5,2.8,,,,
123174,,92.361,,,9.8,13.09,115.0,0.3,0.5,1.0,1.5,2.0,2.5,,,,
118031,132.955,118.0,12.6737,-3.8161,88.64751,16.0,115.0,0.3,0.5,1.0,1.5,1.8,2.0,,,,
110092,106.072,88.079,20.4283,2.4473,25.0,3.02,110.0,0.3,0.5,1.0,1.5,1.8,2.0,,,,
111012,369.967,297.95,24.1708,-24.3814,4.29018,11.22,115.0,0.4,0.6,1.2,1.8,2.5,3.0,,,,
111011,,188.349,,,6.0165,18.11,115.0,0.3,0.4,0.8,1.5,2.0,3.0,,,,
127080,172.92,108.086,59.9837,-11.2974,2.8,28.94,115.0,0.3,0.6,1.2,1.5,2.4,3.0,,,,
118030,257.128,256.391,0.2875,-20.2285,15.6469,39.12,110.0,0.3,0.5,1.0,1.5,1.8,2.0,,,,
123173,141.119,103.341,36.5566,,2.424357,13.77,,0.5,0.7,1.0,1.8,2.5,3.0,,,,
127079,199.0,166.645,19.4155,-14.7055,3.4,30.73,115.0,0.4,0.6,1.0,1.8,2.4,3.0,,,,
113665,131.989,87.44,50.9481,-3.7515,3.6,6.29,115.0,0.3,0.5,1.0,1.5,2.0,2.5,,,,
123172,132.69,92.308,43.747,-4.4789,8.0,14.95,113.0,0.3,0.5,1.0,1.5,2.0,2.5,,,,
118029,,130.701,,,4.5,20.26,110.0,0.2,0.4,0.6,1.5,1.8,2.0,,,,
127078,152.348,122.685,24.1782,-7.971,6.0,6.48,115.0,0.4,0.6,1.2,1.8,2.5,3.0,,,,
110091,,130.486,,,20.47505,14.4,108.0,0.2,0.4,0.6,1.5,1.8,2.0,,,,
118028,,113.29,,,8.3,9.33,115.0,0.3,0.5,1.0,1.5,2.0,3.0,,,,
113664,,190.336,,,4.5,23.18,115.0,0.4,0.6,1.0,1.5,2.5,3.0,,,,
127077,,110.032,,,5.15,15.65,115.0,0.3,0.5,1.0,1.6,2.5,3.0,,,,
113065,,98.126,,,80.0,5.87,109.0,0.2,0.4,1.0,1.6,2.4,3.0,,,,
113663,,93.212,,,6.5,32.41,115.0,0.3,0.5,1.0,1.5,2.0,3.0,,,,
123171,128.548,76.217,68.6605,-2.6868,3.8,27.12,115.0,0.4,0.6,1.1,1.8,2.5,3.0,,,,
118027,114.382,83.87,36.3801,1.5078,10.088,24.55,115.0,0.4,0.6,1.1,1.5,2.5,3.0,,,,
113662,,82.238,,,5.0,12.78,113.0,0.3,0.4,0.8,1.5,2.0,2.5,,,,
123170,,136.206,,,9.0,34.0,118.0,0.3,0.4,0.8,1.5,2.3,3.0,,,,
123168,131.3,83.52,57.2079,-3.6023,4.9,10.74,115.0,0.4,0.6,1.0,1.5,2.2,3.0,,,,
123169,,108.012,,,14.0,13.23,112.0,0.2,0.4,0.6,1.5,1.8,2.0,,,,
113661,140.59,127.476,10.2874,-7.2941,30.3,14.74,110.0,0.2,0.3,0.4,1.5,1.8,2.0,,,,
113660,125.172,50.76,146.5957,-2.9186,3.98,36.84,112.0,0.5,0.8,1.0,1.5,2.0,2.5,,,,
123167,,278.932,,,3.965,6.93,115.0,0.4,0.6,1.2,1.8,2.5,3.0,,,,
113064,,259.319,,,14.0,11.75,112.0,0.3,0.5,1.0,1.5,1.8,2.0,,,,
111010,137.146,100.089,37.024,-6.0353,33.9,33.59,112.0,0.3,0.5,1.0,1.5,1.8,2.0,,,,
111009,123.997,64.299,92.8444,-3.2925,7.0118,10.56,110.0,0.3,0.5,1.0,1.5,1.8,2.0,,,,
123166,,97.82,,,3.0,26.15,115.0,0.4,0.6,1.2,1.8,2.5,3.0,,,,
113063,,149.115,,,20.08985,9.04,110.0,0.3,0.5,1.0,1.5,1.8,2.0,,,,
111008,,69.412,,,3.84,47.11,113.0,0.4,0.6,1.2,1.8,2.4,2.8,,,,
123165,126.537,68.553,84.5827,-2.4523,8.5,15.2,115.0,0.3,0.5,1.0,1.5,2.0,3.0,,,,
127076,136.7,137.145,-0.3245,,7.690459,27.46,112.0,0.2,0.4,0.6,1.5,1.8,2.0,,,,
118026,,22.81,,,9.5,218.94,110.0,0.2,0.4,0.6,1.2,2.0,2.5,,,,
118025,139.611,96.008,45.416,-7.2996,14.3501,114.97,110.0,0.2,0.4,0.8,1.5,1.8,2.0,,,,
118024,125.5,70.599,77.7646,-3.148,30.89043,22.89,112.0,0.3,0.5,1.0,1.5,1.8,2.0,,,,
123164,,161.601,,,6.006616,11.12,115.0,0.4,0.6,1.2,1.8,2.5,3.0,,,,
127075,166.0,165.604,0.2391,,9.78,7.53,115.0,0.3,0.5,1.0,1.8,2.5,3.0,,,,
123163,,197.324,,,3.1,27.28,115.0,0.5,0.7,1.0,2.0,2.5,3.0,,,,
113659,133.114,89.376,48.9371,-5.8272,12.0,31.72,110.0,0.3,0.5,1.0,1.5,1.8,2.0,,,,
123162,,287.345,,,5.7,8.06,115.0,0.5,0.7,1.0,2.0,2.5,3.0,,,,
127074,,332.688,,,12.2,30.99,115.0,0.3,0.5,1.0,1.5,2.0,2.5,,,,
118023,,72.192,,,15.5,33.12,115.0,0.3,0.5,1.0,1.5,1.8,2.0,,,,
123161,,54.655,,,12.1,86.69,112.0,0.3,0.5,1.0,1.5,1.8,2.0,,,,
118022,125.813,69.35,81.4174,-3.9061,32.5,15.53,110.0,0.3,0.5,1.0,1.5,1.8,2.0,,,,
111007,,74.435,,,8.0,33.64,115.0,0.3,0.5,1.0,1.5,2.0,3.0,,,,
113657,,202.318,,,5.1,6.04,110.0,0.3,0.5,1.0,1.5,1.8,2.0,,,,
123160,,,,,3.3489,19.77,115.0,0.5,0.7,1.0,1.8,2.5,3.0,,,,
118021,135.504,,,,4.8481,,112.0,0.5,0.7,1.0,1.8,2.2,3.0,,,,
123159,,146.653,,,2.9435,24.95,114.0,0.3,0.5,1.0,1.5,2.0,3.0,,,,
123158,182.0,138.782,31.1409,-15.068,19.7,41.05,110.0,0.3,0.5,1.0,1.5,1.8,2.0,,,,
110090,135.398,95.043,42.4597,-6.6843,15.7,17.55,110.0,0.3,0.5,1.0,1.3,1.5,1.8,,,,
127073,,88.611,,,34.105,48.82,109.0,0.3,0.5,0.8,1.5,1.8,,,,,
118020,122.904,58.786,109.0702,1.0089,6.42,14.0,120.0,0.5,0.6,1.2,2.6,3.4,3.5,,,,
110089,,83.485,,,28.0,39.54,110.0,0.2,0.5,1.0,1.5,1.8,2.0,,,,
127072,136.348,89.575,52.2166,-6.1892,4.5,15.06,112.0,0.3,0.5,1.0,1.5,1.8,2.0,,,,
118019,,231.933,,,9.76702,34.76,110.0,0.3,0.5,1.0,1.5,1.8,2.0,,,,
113658,139.253,105.707,31.7349,-12.5321,8.72388,55.72,112.0,0.3,0.5,1.0,1.5,2.0,,,,,
113062,129.946,120.204,8.1046,-6.4194,60.0,5.89,107.0,0.2,0.4,0.7,1.0,1.3,1.8,,,,
110088,,91.496,,,30.0,15.17,106.0,0.2,0.5,1.0,1.5,1.8,2.0,,,,
113656,126.885,81.449,55.7846,-2.712,8.0,10.35,115.0,0.3,0.4,0.8,1.5,2.0,3.0,,,,
123157,137.765,85.322,61.4648,-5.6623,4.946,16.01,115.0,0.3,0.4,0.8,1.5,2.3,3.0,,,,
127071,,107.306,,,4.95,53.11,108.0,0.2,0.3,0.4,1.5,1.8,2.0,,,,
118018,133.378,67.422,97.8256,-6.2766,4.3,30.91,110.0,0.2,0.4,0.6,1.5,1.8,2.0,,,,
127070,462.91,379.647,21.9317,-31.3457,15.2,10.76,112.0,0.3,0.5,1.0,1.5,1.8,2.0,,,,
123156,,85.449,,,3.97,15.05,115.0,0.4,0.6,1.1,1.8,2.4,3.0,,,,
127068,125.167,61.757,102.6766,-4.5506,8.3,11.27,108.0,0.3,0.6,1.0,1.6,2.0,2.5,,,,
127069,132.32,88.661,49.2426,-4.1945,5.36,52.21,115.0,0.4,0.6,1.0,1.6,2.5,3.0,,,,
123155,139.89,107.997,29.5314,-6.1793,3.6,31.76,115.0,0.4,0.6,1.2,1.8,2.5,3.0,,,,
111006,,86.369,,,6.5067,31.18,115.0,0.3,0.5,1.0,1.5,2.0,3.0,,,,
118017,,151.799,,,3.6,26.68,115.0,0.3,0.5,1.0,1.8,2.5,3.0,,,,
123154,123.591,32.486,280.4439,-1.7434,5.28999,33.03,115.0,0.3,0.5,1.0,1.5,2.0,3.0,,,,
118016,154.695,133.285,16.0633,-9.6291,3.325,6.91,115.0,0.5,0.7,1.0,2.0,2.5,3.0,,,,
113655,135.757,102.331,32.6646,-6.3776,20.0,52.77,112.0,0.3,0.5,1.0,1.5,1.8,2.0,,,,
113654,143.493,120.433,19.1476,-7.9708,6.10547,9.69,113.0,0.3,0.4,1.0,1.5,2.0,2.5,,,,
113653,108.027,103.879,3.9931,87.32,7.7,16.5,115.0,0.4,0.6,1.0,1.5,2.5,3.0,,,,
113652,136.884,97.25,40.7548,-7.4122,14.77,27.27,110.0,0.2,0.4,0.8,1.5,1.8,2.0,,,,
118015,128.834,57.642,123.5072,-3.2209,4.1,55.22,115.0,0.4,0.7,1.2,1.8,2.4,3.0,,,,
123153,,78.274,,,3.4,19.24,115.0,0.4,0.6,1.2,1.8,2.5,3.0,,,,
127067,145.651,123.433,18.0,-9.8626,30.0,10.37,109.0,0.2,0.3,0.4,1.5,1.8,2.0,,,,
123152,,104.168,,,2.9235,29.27,118.0,0.4,0.6,1.2,1.8,2.5,3.0,,,,
113651,,221.894,,,6.1,16.58,112.0,0.3,0.5,1.0,1.5,1.8,2.0,,,,
118014,,16.425,,,4.833,84.81,110.0,0.2,0.4,0.8,1.2,1.6,2.0,,,,
113061,,80.975,,,25.0,71.38,110.0,0.2,0.4,0.6,1.5,1.8,2.0,,,,
127066,147.48,104.243,41.4771,-10.1378,15.343705,148.7,110.0,0.3,0.5,1.0,1.5,1.8,2.0,,,,
118013,193.088,147.998,30.4666,-16.9426,12.8,21.98,115.0,0.3,0.5,1.0,1.5,1.8,2.0,,,,
118012,152.363,115.472,31.948,-9.5264,5.0,25.4,115.0,0.4,0.6,1.2,1.8,2.5,3.0,,,,
118011,142.449,108.019,31.874,-7.1735,5.0,31.3,115.0,0.4,0.6,1.2,1.8,2.4,3.0,,,,
123151,123.563,48.421,155.1847,-1.5219,7.0,27.55,115.0,0.4,0.7,1.2,1.8,2.5,3.0,,,,
113650,125.94,45.788,175.0502,-2.606,8.0,23.15,115.0,0.3,0.5,1.0,1.5,2.0,3.0,,,,
123150,125.032,71.238,75.5131,-3.9675,11.39,16.48,110.0,0.3,0.5,1.0,1.5,2.3,3.0,,,,
118010,122.09,34.181,257.1867,-3.1875,4.4,47.95,110.0,0.3,0.5,1.0,1.5,1.8,2.0,,,,
113649,141.072,113.256,24.5603,-7.0924,5.0,13.73,115.0,0.3,0.6,1.0,1.5,2.0,3.0,,,,
118009,,87.014,,,4.0,130.91,113.0,0.3,0.5,1.0,1.8,2.5,3.0,,,,
110087,138.874,125.536,10.6248,-8.8441,30.0,5.6,108.0,0.2,0.4,0.6,1.5,1.8,2.0,,,,
118008,107.561,107.415,0.1359,,6.94,46.8,115.0,0.3,0.4,0.8,1.6,2.2,2.7,,,,
111005,145.385,115.442,25.9377,-10.351,5.7,11.98,108.3,0.3,0.5,1.0,1.5,1.8,2.5,,,,
127065,,175.461,,,4.398,17.36,115.0,0.4,0.6,1.1,1.8,2.5,3.0,,,,
123149,150.11,151.292,-0.7813,-10.3672,14.8472,2.71,112.0,0.3,0.5,1.0,1.5,1.8,2.0,,,,
113060,,93.804,,,70.0,10.49,106.0,0.2,0.4,0.6,1.0,1.5,2.0,,,,
123148,,122.611,,,4.2,36.31,112.0,0.3,0.5,1.0,1.8,2.5,2.8,,,,
123147,,104.627,,,5.70537,7.78,115.0,0.3,0.5,0.8,1.5,2.0,2.5,,,,
113059,125.159,37.785,231.2399,-3.6605,40.0,41.71,112.0,0.3,0.5,1.0,1.5,1.8,2.0,,,,
127064,147.52,106.739,38.2063,-11.424,11.37,25.97,108.0,0.2,0.4,0.6,1.5,1.8,2.0,,,,
123146,132.484,133.066,-0.4374,,8.64,6.23,115.0,0.3,0.6,1.0,1.6,2.5,3.0,,,,
113648,124.582,67.692,84.0424,-4.1731,10.0,25.04,110.0,0.4,0.6,1.0,1.5,2.25,3.0,,,,
127063,,99.13,,,18.0,4.6,110.0,0.3,0.5,1.0,1.5,1.8,2.0,,,,
110086,130.794,85.595,52.8057,-5.7082,20.0,4.79,112.0,0.3,0.5,1.0,1.5,1.8,2.0,,,,
113647,123.914,67.195,84.4096,-3.3497,15.0,10.09,112.0,0.3,0.5,1.0,1.5,1.8,2.0,,,,
127062,130.44,67.852,92.2419,-4.4166,3.963,7.59,115.0,0.4,0.6,1.0,1.5,2.0,3.0,,,,
123145,,37.105,,,11.5,92.98,110.0,0.3,0.5,1.0,1.5,1.8,2.0,,,,
127061,122.449,96.578,26.7877,-0.1377,35.9,5.26,118.0,0.3,0.4,0.8,1.6,2.5,3.0,,,,
127060,120.961,63.606,90.1723,-3.2639,6.4,21.13,110.0,0.2,0.4,0.8,1.2,1.6,2.0,,,,
113644,139.495,106.542,30.9296,-7.3199,10.0,18.65,115.0,0.3,0.5,1.0,1.5,2.0,3.0,,,,
113646,175.539,149.938,17.0744,-17.7387,1.45868,8.05,108.3,0.3,0.5,1.0,1.5,1.8,2.5,,,,
123144,125.267,72.235,73.4159,-2.6414,6.0,8.5,115.0,0.3,0.5,1.0,1.5,2.0,3.0,,,,
127059,134.236,92.157,45.6601,-5.755,3.8,8.16,115.0,0.4,0.6,1.0,1.5,2.0,3.0,,,,
123143,,223.838,,,3.3,23.45,112.0,0.4,0.6,1.0,1.5,2.0,2.5,,,,
113058,150.372,129.687,15.9499,-11.5903,20.0,4.48,112.0,0.3,0.5,1.0,1.5,1.8,2.0,,,,
111004,141.622,113.068,25.2538,-7.9379,6.73,24.41,115.0,0.4,0.6,1.0,1.5,2.5,3.0,,,,
113643,131.2,79.272,65.5061,-5.4153,5.0,11.82,115.0,0.3,0.5,1.0,1.5,2.0,2.5,,,,
113057,,130.859,,,78.0,10.24,106.0,0.2,0.4,0.6,1.0,1.8,2.0,,,,
113056,128.398,113.579,13.0473,-6.2122,130.0,9.5,110.0,0.2,0.4,1.0,1.7,2.5,3.5,,,,
118007,137.213,93.576,46.6327,-7.5841,2.6743,16.5,114.0,0.4,0.7,1.2,1.8,2.5,2.8,,,,
127058,,193.922,,,30.0,17.11,108.0,0.2,0.4,0.6,1.5,1.8,2.0,,,,
123142,119.0,57.016,108.7133,-2.8019,5.5,33.71,110.0,0.3,0.5,1.0,1.8,2.4,3.0,,,,
118006,132.244,127.628,3.6168,-5.6558,3.874,13.32,115.0,0.4,0.7,1.2,1.8,2.5,3.0,,,,
123141,,109.393,,,3.2126,6.92,115.0,0.5,0.7,1.0,2.0,2.5,3.0,,,,
123140,,140.497,,,1.72,12.47,112.0,0.5,0.7,1.2,1.8,2.2,2.5,,,,
123139,,101.15,,,4.3,76.5,115.0,0.4,0.6,1.2,1.8,2.5,3.0,,,,
111003,137.425,88.83,54.7056,-7.4378,2.04,11.37,115.0,0.4,0.6,1.0,1.5,2.5,3.0,,,,
127057,,122.414,,,2.76,26.59,115.0,0.4,0.7,1.2,1.8,2.4,3.0,,,,
113055,,117.137,,,80.0,14.53,107.0,0.2,0.4,0.7,1.2,1.7,2.0,,,,
123138,129.974,66.717,94.8139,-4.9582,2.4,26.53,115.0,0.5,0.7,1.2,1.8,2.5,3.0,,,,
113642,,16.703,,,24.7,145.66,112.0,0.3,0.5,1.0,1.5,1.8,2.0,,,,
127056,128.254,73.234,75.129,-8.3908,50.0,22.23,106.0,0.2,0.4,0.9,1.3,1.6,2.0,,,,
113054,133.117,120.135,10.8062,-8.7352,23.6,8.89,109.0,0.2,0.4,0.6,1.5,1.8,2.0,,,,
113641,,53.546,,,76.0,110.26,108.0,0.2,0.4,0.6,1.5,1.8,2.0,,,,
110085,123.637,50.434,145.1461,-5.4176,120.0,34.6,109.0,0.2,0.4,0.6,1.5,1.8,2.0,,,,
127055,177.6,144.703,22.7342,-17.8552,5.77,18.5,115.0,0.3,0.5,1.0,1.5,2.0,3.0,,,,
113640,138.643,109.593,26.5072,-8.2396,9.57211,17.2,115.0,0.4,0.6,1.0,1.5,2.0,3.0,,,,
127054,130.87,90.935,43.916,-6.9347,5.1364,7.06,112.0,0.3,0.5,1.0,1.5,1.8,2.0,,,,
123137,,50.15,,,8.97,227.02,113.0,0.3,0.4,1.0,1.5,2.0,2.5,,,,
118005,127.218,40.922,210.8792,-6.5872,8.3,99.09,110.0,0.3,0.5,1.0,1.5,1.8,2.0,,,,
127053,210.03,170.459,23.2144,-23.2729,8.24,17.23,118.0,0.3,0.6,1.0,1.6,2.5,3.0,,,,
113639,,161.09,,,5.7,39.09,108.0,0.2,0.4,0.6,1.5,1.8,2.0,,,,
123136,,59.915,,,4.6,21.18,115.0,0.3,0.5,0.8,1.6,2.5,3.0,,,,
113053,134.597,107.943,24.6927,-10.8534,70.0,17.5,107.0,0.2,0.4,0.8,1.2,1.6,2.0,,,,
118004,158.113,131.347,20.3781,-14.4558,4.65,34.74,115.0,0.4,0.6,1.0,1.5,2.5,3.0,,,,
113638,129.559,60.593,113.8184,-6.9094,6.0,16.19,112.0,0.3,0.5,1.0,1.5,1.8,2.0,,,,
123135,,32.284,,,2.1,87.38,115.0,0.5,0.8,1.2,1.8,2.2,2.8,,,,
123134,,56.195,,,2.79,92.5,115.0,0.4,0.6,1.0,1.5,2.5,3.0,,,,
113052,121.561,90.936,33.6775,-4.8098,500.0,20.63,109.0,0.2,0.4,1.0,1.5,2.3,3.0,,,,
110084,127.434,91.561,39.1793,-6.9906,10.0,7.11,110.0,0.3,0.5,1.0,1.5,1.8,2.0,,,,
127052,,60.47,,,11.1,28.08,110.0,0.3,0.5,1.0,1.5,1.8,2.0,,,,
123133,131.682,84.471,55.8902,-6.4031,7.2,17.58,115.0,0.4,0.6,1.0,1.5,2.0,2.5,,,,
113637,,133.179,,,8.0,12.99,115.0,0.4,0.6,1.0,1.5,2.5,3.0,,,,
123132,,82.451,,,7.0,28.32,115.0,0.4,0.6,1.0,1.5,2.5,3.0,,,,
113636,126.245,64.174,96.723,-4.0352,10.0,26.74,115.0,0.3,0.5,0.8,1.5,2.5,3.0,,,,
113635,,30.817,,,13.5,46.37,115.0,0.3,0.5,1.0,1.3,1.5,1.8,,,,
113634,129.557,65.043,99.1867,-5.7821,7.51713,95.46,115.0,0.3,0.5,1.0,1.5,1.8,2.0,,,,
111002,137.617,102.711,33.9847,-10.1628,6.7,13.65,112.0,0.3,0.5,1.0,1.5,1.8,2.0,,,,
123131,284.035,225.944,25.7104,-34.7087,6.35,10.06,115.0,0.5,0.7,1.2,1.8,2.5,2.8,,,,
113633,120.854,35.213,243.2085,-4.4566,10.4,173.8,110.0,0.3,0.5,1.0,1.5,1.8,2.0,,,,
118003,144.194,117.62,22.5931,-13.3859,8.0,26.22,110.0,0.3,0.5,1.0,1.5,1.8,2.0,,,,
113632,138.401,120.432,14.9205,-10.8026,20.5,18.99,112.0,0.3,0.5,1.0,1.5,1.8,2.0,,,,
127051,,115.297,,,5.26,62.17,115.0,0.4,0.6,1.0,1.6,2.5,3.0,,,,
127050,134.485,91.116,47.5976,-10.3547,21.989391,19.36,110.0,0.3,0.5,1.0,1.5,1.8,2.0,,,,
110083,,119.742,,,50.0,5.42,107.0,0.2,0.4,0.6,0.8,1.5,2.0,,,,
123130,,62.811,,,3.76,11.24,112.0,0.3,0.5,1.0,1.5,1.8,2.0,,,,
113631,138.795,123.348,12.5231,-11.9999,9.3,6.81,110.0,0.2,0.4,0.6,1.5,1.8,2.0,,,,
111001,137.205,79.159,73.3284,-12.3233,6.0,11.18,108.0,0.3,0.5,1.0,1.5,1.8,2.3,,,,
123129,137.0,125.126,9.4896,-10.2924,6.0,7.92,112.0,0.4,0.6,1.0,1.5,2.3,2.7,,,,
127049,116.285,77.904,49.267,-4.1192,81.5,10.59,107.0,0.2,0.4,0.8,1.2,1.6,2.0,,,,
123128,,87.57,,,13.794971,25.02,110.0,0.3,0.5,1.0,1.5,1.8,2.0,,,,
123127,,95.081,,,4.0,37.0,110.0,0.4,0.6,1.1,1.8,2.3,2.8,,,,
110082,,38.78,,,20.0,72.28,112.0,0.3,0.5,1.0,1.5,1.8,2.0,,,,
113630,,44.377,,,7.0,32.9,115.0,0.4,0.6,1.0,1.5,2.0,2.5,,,,
127048,,336.833,,,2.7,22.1,115.0,0.4,0.8,1.2,1.8,2.5,3.0,,,,
127047,135.749,119.804,13.3092,-8.7278,15.0,5.1,115.0,0.3,0.5,1.0,1.6,2.0,2.5,,,,
127046,128.989,84.149,53.2864,-8.8176,11.28,20.63,110.0,0.3,0.5,1.0,1.5,1.8,2.0,,,,
113629,,33.956,,,6.2,23.03,115.0,0.4,0.6,1.0,1.5,2.5,3.0,,,,
123126,142.015,121.134,17.2379,-8.9341,3.4,11.64,120.0,0.5,0.8,1.8,3.0,3.5,4.0,,,,
123125,,92.504,,,9.0,17.61,105.0,0.1,0.3,0.8,1.3,1.8,2.3,,,,
113628,,220.521,,,4.15,13.06,115.0,0.5,0.7,1.0,2.0,2.5,3.0,,,,
127045,132.4,101.783,30.0807,-12.9789,95.5,43.74,107.0,0.2,0.4,0.8,1.2,1.5,2.0,,,,
123124,136.577,86.878,57.2055,-14.6229,5.23,16.69,107.0,0.2,0.3,0.4,1.5,1.8,2.0,,,,
127044,122.01,57.006,114.0301,-4.8381,11.6893,19.84,112.0,0.3,0.5,1.0,1.5,1.8,2.0,,,,
118002,,37.379,,,52.52,50.51,115.0,0.3,0.5,1.0,1.5,1.8,2.0,,,,
127043,,182.683,,,11.6,21.02,115.0,0.4,0.6,1.0,1.5,2.5,3.0,,,,
123123,,264.491,,,5.165,51.93,115.0,0.4,0.6,1.2,1.8,2.5,3.0,,,,
127042,,518.686,,,7.5,4.87,112.0,0.3,0.5,1.0,1.5,1.8,2.0,,,,
123122,124.272,44.694,178.0507,-4.2918,5.8119,91.69,115.0,0.3,0.5,1.0,1.5,2.0,2.5,,,,
123121,140.701,102.868,36.7782,-12.1183,8.4,73.56,115.0,0.4,0.6,1.0,1.5,2.5,3.0,,,,
123120,,125.387,,,7.989283,7.76,115.0,0.4,0.7,1.0,1.6,2.4,3.0,,,,
110081,114.3,74.312,53.811,-2.9407,86.0,43.6,108.0,0.1,0.2,0.3,1.5,1.8,2.0,,,,
118001,,8.781,,,5.99901,271.62,115.0,0.5,0.7,1.2,1.8,2.4,2.8,,,,
113627,119.389,65.709,81.6935,-4.8776,8.0,20.88,110.0,0.3,0.5,1.0,1.5,1.8,2.0,,,,
123119,126.3,86.459,46.0808,-7.5943,20.0,15.73,112.0,0.3,0.5,1.0,1.5,1.8,2.0,,,,
127041,122.971,106.118,15.8814,-21.9218,6.0,17.0,115.0,0.5,0.75,1.0,1.5,2.5,,,,,
123118,826.221,786.679,5.0264,-66.9458,3.2,11.11,115.0,0.5,0.7,1.2,1.8,2.5,3.0,,,,
127040,136.494,119.869,13.8693,-15.2632,45.574186,7.65,108.0,0.2,0.4,0.6,1.5,1.8,2.0,,,,
127039,,131.377,,,30.0,8.35,108.0,0.2,0.5,1.0,1.5,1.8,2.0,,,,
113626,,127.389,,,9.02,36.0,116.0,0.3,0.5,1.0,1.5,1.8,2.0,,,,
123117,119.994,45.847,161.727,-5.4938,10.0,38.65,110.0,0.3,0.5,1.0,1.5,1.8,2.0,,,,
113051,164.978,162.162,1.7365,-26.047,30.0,3.33,110.0,0.2,0.4,0.6,1.5,1.8,2.0,,,,
113050,,110.594,,,200.0,10.1,107.0,0.2,0.4,0.7,1.2,1.7,2.0,,,,
113625,125.136,67.44,85.5516,-3.0615,5.83,19.84,118.0,0.4,0.6,1.0,1.5,2.5,3.0,,,,
113049,114.976,53.371,115.4279,-4.665,35.0,39.16,107.0,0.2,0.4,0.6,0.8,1.5,2.0,,,,
127038,128.561,70.894,81.3426,-10.798,15.0,97.3,110.0,0.2,0.4,0.6,1.5,1.8,2.0,,,,
123116,,139.815,,,3.7875,49.78,115.0,0.4,0.7,1.0,1.8,2.5,3.5,,,,
123115,,96.241,,,11.95,29.0,113.0,0.4,0.6,1.0,1.5,2.0,3.0,,,,
127037,548.0,428.681,27.834,-66.3775,7.0,10.39,110.0,0.3,0.5,1.0,1.5,1.8,2.0,,,,
127036,,201.81,,,30.0,21.55,110.0,0.2,0.4,0.6,1.5,1.8,2.0,,,,
127035,,118.284,,,6.263903,4.43,108.8,0.6,0.8,1.5,3.0,3.8,,,,,
123114,142.5,110.991,28.3888,-15.0774,9.043727,31.39,115.0,0.4,0.6,1.0,1.5,2.5,3.0,,,,
111000,141.113,120.058,17.5374,-14.72,10.0,17.35,115.0,0.4,0.6,1.0,1.5,2.0,3.0,,,,
127034,138.336,105.474,31.1565,-15.0735,7.12,11.51,113.0,0.4,0.6,1.0,1.5,2.5,3.0,,,,
113624,135.895,95.765,41.9047,-12.4899,4.05,20.07,115.0,0.5,0.7,1.2,1.8,2.4,3.0,,,,
113048,135.783,131.556,3.2131,-15.0466,30.0,4.5,112.0,0.3,0.5,1.0,1.5,1.8,2.0,,,,
123113,121.74,62.429,95.0055,-5.1984,10.248929,31.86,113.0,0.4,0.6,1.0,1.5,2.0,3.0,,,,
127033,,84.697,,,11.6,3.79,112.0,0.3,0.5,1.0,1.5,1.8,2.0,,,,
110080,,143.506,,,15.5,6.16,110.0,0.3,0.5,1.0,1.5,1.8,2.0,,,,
127032,,100.24,,,50.0,8.34,110.0,0.2,0.4,1.0,1.5,2.0,2.5,,,,
113047,,45.399,,,15.0,13.15,110.0,0.2,0.4,0.6,1.0,1.8,2.0,,,,
113623,,100.723,,,25.0,16.6,112.0,0.3,0.5,1.0,1.5,1.8,2.0,,,,
123112,139.0,94.699,46.7809,-12.8604,2.457212,8.3,118.0,0.4,0.7,1.0,1.8,2.5,3.0,,,,
123111,,70.869,,,158.0,28.08,107.0,0.2,0.3,0.4,0.8,1.8,2.0,,,,
123110,,51.284,,,2.7,26.48,115.0,0.4,0.6,1.2,1.8,2.4,3.0,,,,
123109,128.736,57.148,125.2677,-8.5927,4.6,26.72,115.0,0.4,0.6,1.0,1.5,2.5,3.0,,,,
123108,,57.861,,,16.38,27.86,107.8,0.3,0.5,1.0,1.5,1.8,,,,,
110079,,97.714,,,150.0,17.06,108.0,0.2,0.4,0.8,1.2,1.8,2.0,,,,
123107,129.174,103.438,24.8806,-14.8863,92.97,16.29,108.0,0.2,0.5,1.0,1.5,1.8,2.0,,,,
127031,133.5,92.92,43.672,-16.1602,10.0,17.09,112.0,0.3,0.5,1.0,1.5,1.8,2.0,,,,
113622,,108.475,,,11.5,23.48,108.0,0.2,0.4,0.6,1.5,1.8,2.0,,,,
123106,,270.612,,,3.2,7.52,120.0,0.4,0.6,1.0,1.5,2.0,2.5,,,,
113046,129.01,93.023,38.6861,-14.9088,15.0,10.32,110.0,0.3,0.5,0.8,1.5,1.8,2.0,,,,
128145,,61.798,,,3.8,19.24,110.0,0.3,0.6,1.0,1.5,2.0,2.5,,,,
127030,124.061,81.756,51.7454,-13.0985,50.0,13.21,108.0,0.2,0.4,0.6,1.5,1.8,2.0,,,,
123105,,184.669,,,8.0,9.98,115.0,0.4,0.6,1.0,1.6,2.5,3.0,,,,
127029,,111.774,,,9.6,6.03,113.0,0.2,0.4,0.6,1.5,1.8,2.0,,,,
123104,130.823,48.642,168.9507,-8.5119,9.70265,17.31,120.0,0.3,0.5,1.0,1.5,1.8,2.0,,,,
123103,,24.79,,,2.85,79.87,115.0,0.5,0.7,1.2,1.8,2.2,2.8,,,,
123102,,174.03,,,6.7,9.28,119.0,0.4,0.6,1.2,2.2,3.5,4.0,,,,
123101,,59.148,,,6.7,42.25,110.0,0.3,0.5,1.0,1.5,1.8,2.0,,,,
113620,,26.622,,,10.0,14.8,116.0,0.3,0.5,1.0,1.5,1.8,2.0,,,,
113045,,169.877,,,34.5,20.25,108.0,0.1,0.2,0.6,1.3,1.8,2.0,,,,
128144,,124.666,,,9.8,14.23,110.0,0.3,0.5,0.8,1.0,1.5,2.0,,,,
118000,119.949,121.037,-0.8989,,12.4,33.18,115.0,0.4,0.6,1.0,1.5,2.5,3.0,,,,
404005,,,,,8.5,3.0,118.0,0.4,0.6,1.0,1.5,2.0,2.5,,,,
123099,,,,,8.5,46.22,118.0,0.4,0.6,1.0,1.5,2.0,2.5,,,,
123100,,67.797,,,3.8,15.34,,0.4,0.6,1.0,1.5,2.0,3.0,,,,
123098,,67.671,,,4.8,45.78,118.0,0.4,0.6,1.0,1.5,2.5,3.0,,,,
123097,,314.882,,,3.0,9.34,115.0,0.5,0.7,1.2,1.8,2.4,2.9,,,,
113621,,152.609,,,8.0018,32.96,110.0,0.3,0.5,1.0,1.5,1.8,2.0,,,,
123096,,48.489,,,8.17,8.27,118.0,0.4,0.6,1.0,1.5,2.5,3.0,,,,
113042,125.168,114.469,9.3466,-12.5984,200.0,8.57,112.0,0.3,0.8,1.5,2.8,3.5,4.0,,,,
123094,,46.29,,,10.0,31.54,112.0,0.4,0.6,1.0,1.5,1.8,2.0,,,,
113619,,194.943,,,10.0,26.5,110.0,0.3,0.6,1.0,1.5,1.8,2.0,,,,
123093,,62.386,,,2.5,49.29,120.0,0.5,0.8,1.5,3.0,3.5,4.0,,,,
113618,161.141,152.162,5.9009,-39.4281,5.2,21.28,110.0,0.4,0.6,1.0,1.5,1.8,2.0,,,,
128143,,377.796,,,2.45,17.97,115.0,0.5,0.7,1.2,1.8,2.5,3.0,,,,
127028,,53.896,,,6.0,19.89,,0.3,0.5,1.0,1.5,1.8,2.0,,,,
113616,117.428,64.323,82.5599,-8.3409,24.4,159.12,110.0,0.2,0.4,0.6,1.5,1.8,2.0,,,,
123092,141.264,136.145,3.76,-24.8746,4.23,4.98,115.0,0.5,0.7,1.2,1.8,2.4,2.8,,,,
123091,141.612,114.733,23.4274,-29.0277,5.5,15.34,111.0,0.3,0.6,1.0,1.5,1.8,2.0,,,,
113615,611.59,500.085,22.2972,-109.6919,10.0,11.78,112.0,0.4,0.6,1.0,1.5,1.8,2.0,,,,
123090,114.188,45.502,150.9516,-2.5921,5.0,34.46,112.0,0.3,0.5,1.0,1.5,1.8,2.0,,,,
123089,,110.5,,,5.0,8.0,115.0,0.4,0.6,1.0,1.5,2.5,3.0,,,,
128142,131.0,101.454,29.1226,-21.9294,7.18,17.88,110.0,0.3,0.5,1.0,1.5,1.8,2.0,,,,
128141,134.447,131.903,1.9287,-24.968,14.0,13.98,110.0,0.3,0.5,1.0,1.5,1.8,2.0,,,,
113614,,25.342,,,7.8,38.04,109.0,0.3,0.6,1.0,1.5,1.8,2.0,,,,
123087,,104.622,,,6.73,24.23,115.0,0.4,0.8,1.0,1.5,2.5,3.0,,,,
123088,139.78,109.626,27.5062,-24.5269,3.0138,14.96,115.0,0.5,0.7,1.2,1.8,2.4,2.8,,,,
113044,,68.93,,,320.0,7.66,108.0,0.2,0.5,1.0,1.8,2.6,3.0,,,,
123086,,151.055,,,7.3,15.16,,0.4,0.6,1.0,1.5,2.0,3.0,,,,
123085,136.5,115.631,18.0479,-29.3311,9.0,4.99,108.0,0.4,0.6,1.0,1.5,1.8,2.0,,,,
127027,124.89,98.294,27.0576,-16.8135,28.0,2.93,110.0,0.4,0.6,1.0,1.5,1.8,2.0,,,,
113043,124.889,96.139,29.9046,-21.3292,38.0,8.03,106.0,0.2,0.4,0.6,1.0,2.0,2.5,,,,
123084,,338.82,,,2.8,11.36,115.0,0.5,0.7,1.2,2.0,2.5,4.0,,,,
123083,,107.001,,,8.0,15.57,110.0,0.3,0.5,1.0,1.5,1.8,2.0,,,,
113612,,82.443,,,5.2,20.79,115.0,0.5,0.7,1.0,1.5,2.5,3.0,,,,
127026,134.269,111.784,20.1147,-27.8051,7.0,12.22,108.0,0.3,0.5,1.0,1.5,1.8,2.0,,,,
128140,,190.395,,,10.9,26.55,110.0,0.3,0.6,1.0,1.5,1.8,2.0,,,,
123082,,83.085,,,5.0,11.41,115.0,0.5,0.7,1.2,1.8,2.5,3.0,,,,
123081,,59.583,,,5.7,64.28,,0.4,0.6,1.0,1.8,2.5,3.0,,,,
123080,140.124,99.033,41.4922,-20.8987,2.45,11.38,120.0,0.5,0.8,1.2,1.8,2.2,2.8,,,,
123079,,125.996,,,5.77,15.31,110.0,0.3,0.5,1.0,1.5,1.8,2.0,,,,
113611,,25.499,,,17.0,73.69,108.0,0.25,0.45,0.75,0.95,1.45,1.75,,,,
113610,122.581,68.154,79.8588,,5.25,6.5,,0.4,0.7,1.0,1.5,2.5,3.0,,,,
128139,,78.97,,,6.470054,37.28,115.0,0.4,0.6,1.0,1.5,2.5,3.0,,,,
123078,,131.127,,,8.25,19.34,110.0,0.3,0.6,1.0,1.5,1.8,2.0,,,,
113609,,88.25,,,8.8648,20.34,115.0,0.4,0.6,1.0,1.5,2.0,3.0,,,,
123077,,208.025,,,9.3715,9.72,120.0,0.4,0.6,1.0,1.5,2.0,2.5,,,,
110077,217.581,205.943,5.6511,-75.5626,18.0,4.88,110.0,0.2,0.4,0.6,0.8,1.5,2.0,,,,
123076,132.1,98.898,33.572,-22.1893,8.5,12.7,113.0,0.4,0.6,1.0,1.5,2.0,2.0,,,,
128138,133.712,90.027,48.5243,-4.2965,4.2,14.64,130.0,0.4,0.6,1.0,2.0,2.5,3.0,,,,
113608,,30.301,,,4.2,19.24,115.0,0.5,0.7,1.2,1.8,2.4,2.8,,,,
127025,105.972,38.663,174.0915,0.0431,28.2,13.01,106.0,0.2,0.4,0.8,1.2,1.5,2.0,,,,
127024,131.999,117.34,12.4928,-27.2972,14.761896,7.67,110.0,0.2,0.5,0.8,1.5,1.8,2.0,,,,
128137,188.531,166.969,12.9138,-66.4875,6.0,26.46,112.0,0.4,0.6,1.0,1.5,1.8,2.0,,,,
113041,,474.18,,,60.0,7.01,106.0,0.2,0.4,0.6,0.8,1.5,,,,,
128136,127.429,91.067,39.9288,-25.0853,30.0,55.97,108.0,0.1,0.2,0.3,1.5,1.8,2.0,,,,
123075,,89.912,,,6.0,23.99,110.0,0.4,0.6,1.0,1.5,2.0,2.5,,,,
110076,120.403,45.765,163.0897,-14.2797,18.426,33.06,110.0,0.3,0.5,1.0,1.5,1.8,2.0,,,,
113607,,120.491,,,12.0,22.01,110.0,0.3,0.5,1.0,1.5,1.8,2.0,,,,
113606,,60.114,,,6.0,33.32,115.0,0.5,0.7,1.0,1.5,2.5,3.0,,,,
123074,,56.959,,,3.245,29.53,118.0,0.4,0.6,1.0,1.5,2.5,3.0,,,,
123073,,20.611,,,3.6,36.34,116.0,0.5,0.7,1.2,1.8,2.2,2.8,,,,
127023,,101.544,,,40.0,5.18,106.0,0.2,0.4,0.8,1.2,1.5,2.0,,,,
113605,125.114,101.21,23.6182,-21.0109,14.05,17.35,110.0,0.3,0.6,1.0,1.5,1.8,2.0,,,,
113040,,78.253,,,15.0,158.0,108.0,0.2,0.4,0.6,0.8,1.5,2.0,,,,
123071,132.6,112.09,18.2978,,7.0,6.7,,0.4,0.6,1.0,1.6,2.5,3.0,,,,
123072,126.976,37.679,236.9941,-9.6013,1.42,32.91,120.0,0.5,0.8,1.8,3.0,3.5,4.0,,,,
128135,114.635,37.958,202.0048,0.5591,13.4,55.93,115.0,0.3,0.6,1.0,1.5,1.8,2.0,,,,
123070,,290.278,,,8.9,20.16,110.0,0.3,0.5,1.0,1.5,1.8,2.0,,,,
123069,,160.366,,,3.68,19.15,120.0,0.4,0.6,1.0,1.5,2.5,3.0,,,,
127022,,140.044,,,20.0,9.14,,0.2,0.4,0.6,1.2,1.5,2.0,,,,
110075,120.906,93.355,29.5121,-21.4383,160.0,6.17,106.5,0.2,0.4,0.6,0.8,1.5,2.0,,,,
123068,,165.203,,,5.7,18.45,115.0,0.4,0.8,1.0,1.5,2.5,3.0,,,,
113604,,77.682,,,6.4,10.44,,0.4,0.6,1.0,1.5,1.8,2.0,,,,
128134,128.271,93.952,36.5282,-26.4094,18.8,21.99,110.0,0.3,0.5,1.0,1.5,1.8,2.0,,,,
113603,,265.997,,,8.0,23.88,110.0,0.3,0.5,1.0,1.5,1.8,2.0,,,,
128133,,74.867,,,8.0,30.12,112.0,0.4,0.6,1.0,1.5,1.8,2.5,,,,
123067,,116.738,,,3.88,9.38,115.0,0.4,0.8,1.0,1.5,2.5,3.0,,,,
123066,,83.614,,,3.2,22.58,115.0,0.4,0.7,1.0,1.8,2.5,3.5,,,,
128132,,86.645,,,8.5,18.57,,0.4,0.6,1.0,1.5,1.8,2.0,,,,
128131,,73.337,,,14.0,19.54,110.0,0.3,0.6,1.0,1.5,1.8,2.0,,,,
123065,128.67,60.126,114.0006,-23.9534,2.19,23.8,115.0,0.4,0.7,1.0,1.8,2.5,3.5,,,,
123064,120.4,88.768,35.6345,-19.8427,6.0,21.1,110.0,0.3,0.5,1.0,1.5,1.8,2.0,,,,
128130,,152.647,,,12.8,3.4,110.0,0.3,0.5,1.0,1.5,1.8,2.0,,,,
128129,107.804,77.25,39.5521,0.4369,50.0,4.0,108.0,0.2,0.4,0.8,1.2,1.6,2.0,,,,
113039,220.442,203.436,8.3594,-123.3808,13.0,2.91,108.0,0.3,0.5,1.0,1.5,1.8,2.0,,,,
113602,,165.391,,,17.8,35.28,108.0,0.4,0.6,1.0,1.5,1.8,2.0,,,,
113601,172.516,173.5,-0.5671,,5.4331,12.0,115.0,0.5,0.8,1.0,1.5,2.5,3.0,,,,
128128,130.41,106.331,22.6453,-38.8871,29.9,5.37,110.0,0.3,0.6,1.0,1.5,1.9,2.0,,,,
128127,117.539,95.928,22.5284,-5.3673,9.5,4.42,115.0,0.5,0.8,1.0,1.5,2.5,3.5,,,,
110074,409.933,360.542,13.6991,-181.8206,7.87,3.32,112.0,0.4,0.6,1.0,1.5,1.8,2.0,,,,
404004,,,,,33.7,0.1,110.0,0.2,0.4,0.6,1.5,1.8,2.0,,,,
110072,,,,,33.7,4.03,110.0,0.2,0.4,0.6,1.5,1.8,2.0,,,,
113600,,96.31,,,5.95,23.85,120.0,0.4,0.6,1.0,1.5,2.5,3.0,,,,
127021,,128.629,,,5.5,12.33,110.0,0.3,0.5,1.0,1.5,1.8,,,,,
128126,,115.503,,,21.08,61.15,107.0,0.3,0.5,0.8,1.0,1.5,1.8,,,,
113599,,58.259,,,7.2,24.82,120.0,0.4,0.6,1.0,1.5,2.5,3.0,,,,
113598,,84.654,,,3.3,13.88,115.0,0.4,0.8,1.0,1.5,2.5,3.0,,,,
113038,,35.797,,,50.0,52.77,107.0,0.3,0.4,0.8,1.5,1.8,2.0,,,,
128125,122.518,95.622,28.1274,-22.5198,4.5,14.39,113.0,0.4,0.6,1.0,1.5,2.0,3.0,,,,
113597,134.422,112.673,19.3028,-35.414,3.0,8.68,118.0,0.5,0.7,1.0,1.8,2.5,3.0,,,,
123063,,88.664,,,6.38,4.94,120.0,0.4,0.6,1.2,1.8,2.5,3.0,,,,
128124,106.05,28.004,278.6959,-0.1389,7.38,20.64,106.0,0.3,0.5,0.8,1.2,1.5,2.0,,,,
113596,,57.275,,,12.0,29.21,108.0,0.4,0.6,1.0,1.5,2.0,3.0,,,,
128123,,94.015,,,3.2,13.7,110.0,0.5,0.7,1.0,1.5,2.5,3.0,,,,
123062,,129.936,,,1.95,17.17,113.0,0.5,0.7,1.0,2.0,2.5,3.0,,,,
110073,107.426,73.355,46.4467,-1.207,80.0,9.42,107.0,0.2,0.4,0.6,0.8,1.5,2.0,,,,
128122,,148.801,,,2.689,14.18,,0.3,0.5,1.0,1.5,2.0,,,,,
113037,109.655,78.056,40.4825,0.9657,45.0,3.6,110.0,0.2,0.6,1.2,1.8,2.0,2.5,,,,
123061,134.0,114.575,16.954,-36.9593,2.5,14.82,118.0,0.5,0.8,1.2,1.8,2.5,3.0,,,,
123060,,68.567,,,3.1,23.86,112.0,0.4,0.7,1.0,1.5,2.0,2.5,,,,
113594,,361.849,,,3.0,39.37,115.0,0.5,0.7,1.2,1.8,2.2,2.8,,,,
113595,,96.398,,,3.3,6.94,,0.5,0.8,1.0,1.5,2.5,3.0,,,,
113593,,95.45,,,4.0,21.32,115.0,0.4,0.6,1.2,2.0,2.4,2.8,,,,
127020,,130.149,,,38.0,4.71,110.0,0.2,0.4,0.6,1.0,1.5,2.0,,,,
128121,124.924,107.51,16.1976,-43.7894,6.7,12.65,108.0,0.4,0.6,1.0,1.5,1.8,2.0,,,,
128120,,95.65,,,2.6,24.37,112.0,0.5,0.7,1.2,1.8,2.2,2.5,,,,
127019,,178.927,,,8.5,21.07,110.0,0.3,0.5,1.0,1.5,1.8,2.0,,,,
123059,146.455,140.437,4.2852,-63.9325,3.914,9.15,118.0,0.4,0.7,1.0,1.5,2.5,3.5,,,,
123058,,130.216,,,11.2,21.28,111.0,0.4,0.6,1.0,1.5,1.8,2.0,,,,
128119,103.461,80.714,28.1822,37.3728,9.5,4.2,115.0,0.3,0.6,1.0,1.5,1.8,2.0,,,,
110071,,86.515,,,7.2,6.6,110.0,0.3,0.6,1.0,1.5,1.8,2.0,,,,
113592,,72.571,,,9.0,115.9,108.0,0.3,0.5,1.0,1.5,1.8,2.0,,,,
113036,,124.691,,,5.4,4.86,,0.4,0.6,1.0,1.5,1.8,2.0,,,,
128117,,83.015,,,3.6,29.32,118.0,0.4,0.6,1.0,1.5,2.0,3.0,,,,
128118,,57.537,,,3.0,27.53,115.0,0.4,0.7,1.2,1.8,3.0,3.5,,,,
113591,,101.833,,,5.5,14.73,116.0,0.5,0.7,1.0,1.5,2.5,3.0,,,,
123057,,92.735,,,2.0674,9.91,112.0,0.4,0.8,1.0,1.5,2.5,3.0,,,,
127018,119.824,98.48,21.6734,-2.6439,68.0,3.29,119.0,0.6,0.8,1.5,2.9,3.8,5.0,,,,
128116,,85.781,,,6.5,29.82,110.0,0.4,0.5,1.0,1.5,1.9,2.0,,,,
113590,,41.522,,,5.00127,36.39,110.0,0.4,0.7,1.0,1.5,2.0,2.5,,,,
128115,,250.326,,,9.726,12.28,110.0,0.4,0.6,1.0,1.5,1.8,2.0,,,,
113589,246.952,82.832,198.136,-225.0627,6.0,12.29,110.0,0.4,0.6,1.0,1.5,1.8,2.0,,,,
123056,,58.621,,,5.85,11.89,115.0,0.4,0.7,1.0,1.5,2.5,3.0,,,,
128114,,19.204,,,16.0,16.09,110.0,0.4,0.6,1.0,1.5,1.8,2.0,,,,
113588,129.422,100.154,29.223,-69.4388,5.5,12.97,109.0,0.3,0.6,1.0,1.5,1.8,2.0,,,,
123055,,107.184,,,6.3,12.25,118.0,0.5,0.8,1.0,1.5,2.5,3.0,,,,
113587,,61.806,,,3.16,64.33,118.0,0.5,0.8,1.0,1.5,2.5,3.0,,,,
128113,,116.376,,,6.89,14.9,112.0,0.4,0.6,1.0,1.5,1.8,2.0,,,,
128112,,100.258,,,40.0,23.27,110.0,0.2,0.4,0.6,1.5,1.8,2.0,,,,
128111,,414.166,,,8.0,15.53,118.0,0.5,0.7,1.2,1.8,2.5,3.0,,,,
123054,136.841,115.081,18.9084,-76.7066,2.71,9.88,115.0,0.5,0.7,1.2,1.8,2.5,3.0,,,,
113586,,73.041,,,6.65,33.31,115.0,0.5,0.8,1.0,1.5,2.0,3.0,,,,
128110,,421.97,,,7.0,17.16,108.0,0.3,0.6,1.0,1.5,1.8,2.0,,,,
113585,,65.202,,,3.6,28.68,112.0,0.5,0.8,1.0,1.5,2.0,2.5,,,,
113584,110.859,87.952,26.0449,-3.9862,6.45,12.45,110.0,0.4,0.6,1.0,1.5,1.8,2.0,,,,
123052,,75.657,,,1.77,9.9,120.0,0.5,0.8,1.5,2.0,2.5,3.0,,,,
123053,,97.644,,,5.0,20.8,115.0,0.5,0.8,1.0,1.5,2.5,3.5,,,,
128109,,125.2,,,18.3,8.73,110.0,0.4,0.6,1.0,1.5,1.8,2.0,,,,
123051,,120.114,,,2.8,8.8,116.0,0.5,0.8,1.2,1.8,2.5,3.0,,,,
127017,112.792,66.471,69.686,0.9762,10.0,8.53,113.0,0.4,0.6,0.9,1.5,2.0,2.3,,,,
113583,,33.389,,,15.81009,71.82,110.0,0.4,0.6,1.0,1.5,1.8,2.0,,,,
128108,112.015,98.742,13.4421,-20.7806,31.4404,7.95,108.0,0.4,0.6,1.0,1.5,1.8,2.0,,,,
113582,,139.597,,,6.0,25.33,110.0,0.4,0.6,1.0,1.5,1.8,2.0,,,,
113035,,116.224,,,14.5,13.56,115.0,0.4,0.6,1.0,1.5,1.8,2.0,,,,
113580,,119.387,,,2.0,24.45,115.0,0.4,0.8,1.0,1.5,2.5,3.0,,,,
113581,,212.487,,,4.0,9.61,120.0,0.5,0.8,1.8,3.0,3.5,4.0,,,,
113579,108.706,39.606,174.4685,3.528,5.0319,24.34,109.0,0.3,0.6,1.0,1.5,1.8,2.0,,,,
128107,,70.985,,,25.0,5.48,110.0,0.4,0.6,1.0,1.5,1.8,2.0,,,,
113578,,46.069,,,3.84,5.47,113.0,0.4,0.6,1.0,1.5,1.8,2.0,,,,
113573,,54.104,,,2.7,24.49,118.0,0.5,0.7,1.2,1.8,2.5,2.8,,,,
113577,,87.572,,,2.4,15.69,112.0,0.5,0.7,1.0,1.5,2.5,3.0,,,,
123050,,176.326,,,7.046881,5.28,118.0,0.4,0.8,1.0,1.5,2.5,3.5,,,,
123049,126.845,123.099,3.0431,,9.172387,3.55,118.0,0.5,0.8,1.2,1.8,2.5,3.0,,,,
110070,113.651,104.569,8.6852,,4.4,1.97,112.0,0.4,0.7,1.1,1.6,2.0,2.2,,,,
113576,,36.804,,,5.2,10.95,115.0,0.5,0.8,1.2,1.8,2.5,3.0,,,,
123048,,91.573,,,8.189312,8.9,108.0,0.3,0.5,1.0,1.5,1.8,2.0,,,,
128106,,71.429,,,5.5,15.12,108.0,0.3,0.6,1.0,1.5,1.8,2.0,,,,
113034,,101.464,,,24.0,4.78,110.0,0.3,0.5,1.0,1.5,1.8,2.0,,,,
127016,110.76,83.433,32.7532,,14.0,8.39,111.0,0.3,0.6,1.0,1.5,1.8,2.0,,,,
128105,,80.866,,,8.0,8.31,110.0,0.4,0.6,1.0,1.5,1.8,2.0,,,,
113575,111.623,83.71,33.3449,,4.28,4.42,108.0,0.4,0.6,1.0,1.5,2.0,2.3,,,,
110069,,151.224,,,9.9232,20.42,110.0,0.2,0.4,0.6,0.8,1.5,2.0,,,,
128104,,142.857,,,14.0,23.52,110.0,0.4,0.6,1.0,1.5,1.8,2.0,,,,
113033,109.736,86.364,27.0622,,18.0,4.84,110.0,0.4,0.6,1.0,1.5,1.8,2.0,,,,
113574,109.983,110.156,-0.1571,,2.088,13.49,110.0,0.5,0.7,1.2,1.8,2.2,2.7,,,,
128103,,123.077,,,1.4428,5.33,115.0,0.5,0.6,1.2,2.0,2.5,3.0,,,,
110068,,170.448,,,20.0,10.93,110.0,0.2,0.5,1.0,1.5,1.8,2.0,,,,
123047,,144.707,,,2.54,17.76,121.0,0.5,0.8,1.2,3.0,3.6,4.0,,,,
128102,,149.558,,,28.3,35.09,110.0,0.2,0.4,0.8,1.2,1.5,2.0,,,,
123046,,32.853,,,3.99,17.35,112.0,0.5,0.7,1.0,1.5,2.5,3.0,,,,
128101,,48.087,,,3.0,18.82,110.0,0.3,0.5,1.0,1.5,1.8,2.0,,,,
128100,,,,,8.0,5.36,112.0,0.4,0.6,1.0,1.5,1.8,2.0,,,,
404002,,,,,8.0,1.1,112.0,0.4,0.6,1.0,1.5,1.8,2.0,,,,
123045,,204.956,,,2.885,20.38,113.0,0.5,0.7,1.2,1.8,2.2,2.5,,,,
113571,,55.266,,,6.968,19.18,115.0,0.5,0.8,1.0,1.5,2.0,3.0,,,,
110067,,65.108,,,28.0,8.77,107.0,0.2,0.4,0.6,0.8,1.5,2.0,,,,
123044,,67.089,,,5.85,18.93,118.0,0.5,0.8,1.4,1.8,3.0,3.5,,,,
113572,,293.772,,,2.05,14.29,108.0,0.4,0.5,1.0,1.5,1.8,2.0,,,,
128099,,66.349,,,7.0,6.3,108.0,0.3,0.6,1.0,1.5,1.8,2.0,,,,
113570,,92.251,,,2.8,16.39,,0.4,0.6,1.0,1.5,1.8,2.0,,,,
113569,,61.022,,,5.16,14.88,115.0,0.4,0.8,1.0,1.5,2.0,3.0,,,,
113568,,737.885,,,3.3,9.08,118.0,0.5,0.8,1.2,1.8,2.5,3.0,,,,
123043,,110.084,,,1.75,15.47,115.0,0.5,0.7,1.2,1.8,2.2,2.5,,,,
128098,,71.726,,,16.3,35.58,111.0,0.4,0.6,1.0,1.5,1.8,2.0,,,,
113567,,45.0,,,2.1,16.2,,0.5,0.8,1.2,1.6,2.2,2.8,,,,
113032,,123.594,,,23.0,14.58,108.0,0.3,0.5,1.0,1.5,1.8,2.0,,,,
110066,,248.171,,,23.86456,4.92,110.0,0.4,0.6,1.0,1.5,1.8,2.0,,,,
113564,,48.403,,,3.0,23.8,120.0,0.5,0.7,1.2,1.8,2.5,3.0,,,,
113566,,149.34,,,2.0,15.16,118.0,0.5,0.8,1.2,1.8,2.2,2.8,,,,
113565,,58.59,,,3.32,14.61,112.0,0.4,0.8,1.0,1.5,2.5,3.0,,,,
128097,,57.208,,,12.0,10.89,110.0,0.4,0.6,1.0,1.5,1.8,2.0,,,,
128096,,107.872,,,10.868,4.7,110.0,0.5,0.8,1.0,1.7,2.0,2.3,,,,
128095,,103.715,,,16.0,64.61,110.0,0.4,0.6,1.0,1.5,1.8,2.0,,,,
128094,,54.348,,,2.8,23.92,115.0,0.5,0.7,1.2,1.8,2.3,2.6,,,,
113563,,47.939,,,8.022,34.94,108.0,0.3,0.6,1.0,1.5,1.8,2.0,,,,
123042,,162.265,,,1.6666,24.46,,0.5,0.8,1.1,1.5,2.0,2.5,,,,
123041,,126.109,,,73.0,15.78,107.0,0.2,0.4,0.6,0.8,1.5,2.0,,,,
113031,,165.013,,,12.0,11.49,108.0,0.3,0.5,1.0,1.5,1.8,,,,,
123040,,49.768,,,7.5,32.39,107.8,0.3,0.5,1.0,1.5,1.8,,,,,
127015,,41.709,,,40.0,19.78,106.0,0.2,0.4,0.8,1.2,1.6,2.0,,,,
128093,,207.833,,,5.2,6.0,120.0,0.5,0.8,2.5,3.0,3.5,4.0,,,,
113562,,38.892,,,8.7,83.18,110.0,0.3,0.5,1.0,1.5,2.0,,,,,
113561,,86.207,,,2.9,14.21,112.0,0.5,0.8,1.2,1.8,2.2,2.5,,,,
128092,,45.711,,,12.428,8.86,110.0,0.4,0.6,1.0,1.5,1.8,2.0,,,,
128091,,59.127,,,1.773,16.49,113.0,0.6,0.8,1.4,1.9,2.3,2.8,,,,
128090,,170.167,,,4.71,4.19,110.0,0.3,0.6,1.0,1.5,1.8,2.0,,,,
123039,,55.519,,,2.23,33.34,115.0,0.5,0.7,1.2,1.8,2.3,2.8,,,,
128089,,507.632,,,6.55,20.31,108.0,0.4,0.6,1.0,1.5,1.8,2.0,,,,
123038,,122.686,,,2.0,25.39,113.0,0.5,0.7,1.1,1.7,2.1,2.7,,,,
113030,,58.116,,,2.95328,6.9,112.0,0.4,0.6,1.0,1.5,1.8,2.0,,,,
128088,,159.457,,,15.2,149.25,110.0,0.3,0.5,1.0,1.5,1.8,2.0,,,,
113559,,112.32,,,5.1217,10.39,112.0,0.6,0.8,1.4,1.8,2.3,3.0,,,,
110065,,139.778,,,27.574,9.93,106.0,0.2,0.5,1.0,1.5,1.8,2.0,,,,
113558,,76.22,,,12.0,19.68,110.0,0.4,0.6,1.0,1.5,1.8,2.0,,,,
113556,,85.036,,,3.56,29.47,120.0,0.4,0.6,1.5,1.8,2.5,3.0,,,,
110064,,66.237,,,16.6,4.65,113.0,0.4,0.6,1.0,2.0,3.2,3.6,,,,
123037,,432.2,,,2.8,11.18,112.0,0.5,0.7,1.2,1.7,2.1,2.6,,,,
113557,,180.214,,,6.0,10.26,115.0,0.4,0.8,1.0,1.5,2.0,3.0,,,,
113555,,469.311,,,4.4,20.04,118.0,0.5,0.8,1.2,1.8,2.5,3.0,,,,
128087,,174.648,,,6.5,6.39,108.0,0.4,0.6,1.0,1.5,1.8,2.0,,,,
128086,,304.668,,,18.5,12.21,110.0,0.4,0.6,1.0,1.5,1.8,2.0,,,,
113554,,167.301,,,12.5,13.67,113.0,0.3,0.5,1.0,1.5,2.0,2.5,,,,
113029,,152.054,,,17.0,12.66,108.0,0.4,0.6,1.0,1.5,1.8,2.0,,,,
128085,,,,,24.2678,3.98,118.0,0.4,0.6,1.0,1.8,3.0,5.0,,,,
404003,,,,,24.2678,3.98,118.0,0.4,0.6,1.0,1.8,3.0,5.0,,,,
128084,,65.714,,,26.600177,12.95,112.0,0.4,0.6,1.0,1.5,1.8,2.0,,,,
110063,,47.879,,,18.6,3.3,111.0,0.3,0.5,0.9,1.5,2.0,2.5,,,,
113553,,29.957,,,3.92,62.69,118.0,0.4,0.7,1.0,1.5,3.0,3.5,,,,
128083,,58.235,,,8.77,11.9,110.0,0.3,0.6,1.0,1.5,1.8,2.0,,,,
123036,,123.091,,,10.0,39.15,110.0,0.3,0.5,1.0,1.5,1.8,2.0,,,,
128082,,100.0,,,3.524,13.17,,0.6,0.8,1.4,1.9,2.3,2.8,,,,
113552,,71.823,,,1.8,27.86,112.0,0.5,0.8,1.2,1.8,2.2,2.5,,,,
110062,,180.646,,,30.8835,25.99,106.0,0.2,0.5,1.0,1.5,1.8,2.0,,,,
128081,,133.266,,,31.5,9.83,110.0,0.3,0.6,1.0,1.5,1.8,2.0,,,,
113551,,45.785,,,11.0,41.04,110.0,0.4,0.6,1.0,1.5,1.8,2.0,,,,
128080,,90.151,,,58.0,40.41,106.0,0.2,0.4,0.6,0.8,1.2,2.0,,,,
113550,,137.764,,,9.92424,9.93,115.0,0.5,0.8,1.2,1.8,2.5,3.0,,,,
113549,,182.536,,,8.8,8.99,110.0,0.3,0.5,1.0,1.5,1.8,2.0,,,,
123035,,110.511,,,8.0,7.04,110.0,0.5,0.8,1.0,1.5,1.8,2.0,,,,
110061,,158.266,,,40.0,9.92,106.0,0.2,0.5,1.0,1.5,1.8,2.0,,,,
123034,,230.451,,,2.97,7.98,113.0,0.5,0.7,1.0,1.5,1.8,2.5,,,,
123033,,74.83,,,4.35,41.2,114.0,0.4,1.0,1.5,2.0,3.0,4.0,,,,
110060,,129.144,,,10.86988,7.24,110.0,0.4,0.6,1.0,1.5,1.8,2.0,,,,
113548,,282.623,,,3.6,15.25,118.0,0.4,0.7,1.2,2.0,2.5,3.5,,,,
110059,,67.11,,,500.0,15.05,110.0,0.2,0.8,1.5,2.1,3.2,4.0,,,,
127014,,159.729,,,5.7821,8.84,110.0,0.5,0.8,1.0,1.5,1.8,2.0,,,,
113547,,253.233,,,9.45,10.67,113.0,0.5,0.8,1.0,1.8,2.0,2.5,,,,
113546,,108.509,,,2.2993,18.45,115.0,0.5,0.8,1.2,1.6,2.0,3.0,,,,
128078,,62.955,,,10.0,31.61,112.0,0.4,0.6,1.0,1.5,1.8,2.0,,,,
128079,,102.88,,,2.14,13.54,,0.4,0.6,1.0,1.7,2.2,2.7,,,,
128077,,77.091,,,7.9,10.52,115.0,0.5,0.8,1.0,1.5,2.0,3.0,,,,
128076,,95.053,,,2.14,14.96,110.0,0.4,0.6,1.0,1.5,1.8,2.0,,,,
113545,,63.203,,,15.0,11.55,110.0,0.4,0.6,1.0,1.5,1.8,2.0,,,,
123032,,105.202,,,1.8029,6.92,122.0,0.8,1.5,2.0,3.0,3.5,4.0,,,,
128074,,55.451,,,11.5,17.06,,0.4,0.6,1.0,1.5,1.8,2.0,,,,
128075,,122.798,,,8.937,5.79,110.0,0.3,0.6,1.0,1.5,1.8,2.0,,,,
113544,,10.56,,,10.0,47.54,110.0,0.4,0.6,1.0,1.5,1.8,2.0,,,,
123031,,78.89,,,1.85,18.38,111.0,0.4,0.5,1.0,1.5,1.8,2.0,,,,
128073,,131.897,,,3.0,5.8,112.0,0.4,0.8,1.0,1.5,2.5,,,,,
128072,,202.018,,,3.019223,15.36,110.0,0.4,0.6,1.0,1.5,2.0,2.5,,,,
123030,,155.088,,,3.08,5.7,115.0,0.5,0.7,1.0,1.5,1.8,3.0,,,,
113543,,53.223,,,14.95,101.46,110.0,0.4,0.6,1.0,1.5,1.8,2.0,,,,
128071,,89.041,,,5.9575,4.38,110.0,0.3,0.5,1.0,1.5,1.8,2.0,,,,
123029,,353.354,,,4.7,16.25,128.0,0.5,0.8,2.6,3.3,3.5,4.0,,,,
113542,,93.562,,,6.3,16.62,110.0,0.4,0.6,1.0,1.5,1.8,2.0,,,,
113541,,81.517,,,3.3,18.72,110.0,0.5,0.7,1.0,1.5,1.8,2.0,,,,
113540,,92.695,,,6.6,10.13,112.0,0.5,0.7,1.0,1.5,2.3,3.0,,,,
113539,,57.714,,,2.99136,28.78,115.0,0.6,0.8,1.2,1.8,2.2,2.5,,,,
128070,,92.461,,,2.3,9.55,112.0,0.5,0.8,1.2,1.6,2.0,3.0,,,,
113538,,51.817,,,6.82979,64.11,110.0,0.3,0.5,1.0,1.5,1.8,2.0,,,,
128069,,73.385,,,3.0,18.11,115.0,0.5,0.7,1.0,1.5,1.8,3.0,,,,
123028,,132.636,,,4.9,11.95,,0.6,0.8,1.5,2.0,2.5,3.0,,,,
113028,,85.153,,,21.7,10.44,106.0,0.2,0.5,1.0,1.5,1.8,2.0,,,,
113027,,274.631,,,6.4,10.17,110.0,0.3,0.6,1.0,1.5,1.8,2.0,,,,
123027,,220.345,,,3.4,29.59,113.0,0.5,0.7,1.3,2.0,2.5,3.0,,,,
123026,,67.344,,,2.9,12.31,106.0,0.5,0.8,1.6,2.2,3.0,,,,,
113537,,96.789,,,8.0,19.93,115.0,0.5,0.8,1.2,2.0,2.5,3.5,,,,
128068,,328.603,,,5.47,9.09,108.0,0.4,0.6,1.0,1.5,1.8,2.0,,,,
113536,,66.228,,,1.91565,19.75,110.0,0.4,0.5,1.0,1.5,1.8,2.0,,,,
113535,,86.545,,,5.0,12.56,110.0,0.4,0.6,1.0,1.5,2.0,,,,,
128067,,45.565,,,6.026392,27.28,108.0,0.3,0.6,1.0,1.5,1.8,2.0,,,,
128066,,77.187,,,4.8,17.49,112.0,0.5,0.8,1.2,1.5,2.0,3.0,,,,
110058,,403.846,,,9.8,6.5,110.0,0.4,0.6,1.0,1.5,1.8,2.0,,,,
128065,,244.098,,,8.0,8.98,,0.4,0.6,1.0,1.5,1.8,2.0,,,,
127013,,93.166,,,10.4,11.56,113.0,0.4,0.6,1.0,1.5,1.8,2.0,,,,
113026,,147.627,,,78.0,6.32,105.0,0.2,0.5,1.0,1.5,1.8,2.0,,,,
113025,,128.372,,,18.3911,11.49,110.0,0.4,0.6,1.0,1.5,2.0,2.5,,,,
113534,,102.692,,,12.54,20.8,110.0,0.4,0.6,1.0,1.5,1.8,2.0,,,,
113024,,150.453,,,29.9625,9.93,105.0,0.2,0.4,1.0,1.5,1.8,2.0,,,,
128064,,112.0,,,8.0,6.25,110.0,0.4,0.6,1.0,1.5,1.8,2.0,,,,
128063,,79.291,,,6.3,8.74,120.0,0.5,0.7,1.5,2.5,3.5,4.0,,,,
113533,,36.545,,,10.0,48.05,108.0,0.3,0.6,1.0,1.5,1.8,2.0,,,,
113532,,115.513,,,4.6,7.8,108.0,0.4,0.6,1.0,1.5,1.8,2.0,,,,
128062,,38.589,,,9.65,16.3,115.0,0.3,0.5,1.0,1.5,1.8,2.0,,,,
110057,,100.099,,,16.1594,10.09,106.0,0.2,0.5,1.0,1.5,1.8,2.0,,,,
123025,,169.017,,,3.75,75.88,112.0,0.5,0.8,1.0,1.5,2.0,2.5,,,,
113531,,21.984,,,3.27,60.59,110.0,0.2,0.4,0.9,1.1,1.4,,,,,
113530,,69.609,,,6.3,16.88,116.0,0.4,0.6,1.0,1.5,2.5,3.0,,,,
128061,,47.829,,,10.45,28.33,113.0,0.4,0.6,1.0,1.5,1.8,2.0,,,,
128060,,51.442,,,5.25,6.24,,0.4,0.6,1.0,1.5,1.8,2.0,,,,
127012,,108.672,,,50.0,9.34,105.0,0.1,0.3,0.6,0.8,1.5,2.0,,,,
123024,,53.976,,,2.1,24.9,110.0,0.4,0.5,1.0,1.5,1.8,,,,,
123023,,117.591,,,6.0,7.39,110.0,0.4,0.6,1.0,1.5,1.8,2.0,,,,
110056,,221.065,,,17.33,21.79,110.0,0.3,0.5,1.0,1.5,1.8,2.0,,,,
123022,,96.395,,,12.3,6.38,,0.4,0.6,1.0,1.5,1.8,2.0,,,,
110054,,140.273,,,50.0,12.44,110.0,0.5,0.8,1.0,1.5,1.8,2.0,,,,
110055,,68.125,,,8.76,17.6,110.0,0.5,0.7,1.0,1.5,1.8,2.0,,,,
110053,,136.582,,,200.0,7.9,111.0,0.2,0.8,1.5,2.3,3.5,4.0,,,,
113022,,78.532,,,35.0,12.53,,0.2,0.5,1.0,1.5,1.8,2.0,,,,
113529,,28.258,,,10.0,40.52,113.0,0.4,0.6,1.0,1.5,1.8,2.0,,,,
128059,,44.315,,,9.418304,76.25,109.0,0.4,0.6,1.0,1.5,1.8,2.0,,,,
127011,,151.293,,,12.0,11.99,110.0,0.5,0.7,1.0,1.5,2.0,2.5,,,,
128058,,223.404,,,5.73,5.64,116.0,0.4,0.6,1.5,2.0,2.5,3.0,,,,
110052,,117.712,,,16.0,8.13,113.0,0.5,0.8,1.0,1.7,2.0,2.2,,,,
128057,,130.562,,,5.758152,8.9,,0.5,0.8,1.0,1.5,1.8,2.0,,,,
113021,,111.007,,,400.0,7.45,111.0,0.3,0.8,1.5,2.3,3.2,4.0,,,,
123021,,40.382,,,12.0,13.62,113.0,0.4,0.6,1.0,1.5,1.8,2.0,,,,
113528,,128.371,,,6.34,24.18,112.0,0.5,0.8,1.2,1.6,2.0,3.0,,,,
123020,,95.845,,,4.2,18.05,,0.6,0.8,1.2,1.5,2.0,3.0,,,,
110051,,268.902,,,39.6512,10.29,109.0,0.4,0.6,1.0,1.5,1.8,2.0,,,,
128056,,78.824,,,3.68,6.8,115.0,0.6,0.8,1.2,1.8,2.2,2.5,,,,
128055,,53.374,,,9.138,11.41,110.0,0.5,0.7,1.0,1.5,1.8,2.0,,,,
123019,,48.065,,,10.0,20.41,118.0,0.5,0.7,1.2,2.0,2.5,3.5,,,,
128054,,99.184,,,1.9424,37.97,110.0,0.4,0.6,1.0,1.6,2.0,2.5,,,,
128053,,71.862,,,7.5,4.94,110.0,0.4,0.6,1.0,1.5,1.8,2.0,,,,
113527,,58.422,,,7.46,14.96,115.0,0.5,0.7,1.0,1.5,2.0,2.5,,,,
113526,,38.099,,,3.9,12.31,106.0,0.3,0.5,1.0,1.5,1.8,2.0,,,,
127010,,92.948,,,260.0,11.77,110.0,0.2,0.8,1.5,2.3,3.2,4.0,,,,
127009,,339.13,,,5.0913,5.52,110.0,0.4,0.6,1.0,1.5,1.8,3.0,,,,
128052,,131.851,,,3.288548,6.97,,0.5,0.7,1.0,1.5,1.8,2.0,,,,
123018,,77.527,,,6.649677,8.41,,0.4,0.6,1.0,1.5,1.8,2.0,,,,
110050,,71.447,,,8.74723,7.95,109.0,0.4,0.6,1.0,1.5,1.8,2.0,,,,
110049,,162.131,,,30.0749,14.55,105.0,0.2,0.5,1.0,1.5,1.8,2.0,,,,
113525,,84.862,,,5.33,11.56,110.0,0.4,0.6,1.0,1.5,1.8,3.0,,,,
128051,,106.283,,,2.493,17.03,110.0,0.5,0.7,1.0,1.8,2.0,3.0,,,,
113524,,109.079,,,3.3,14.76,113.0,0.4,0.6,1.0,1.5,1.8,2.0,,,,
128050,,348.85,,,3.2,21.74,118.0,0.6,0.8,1.2,1.5,2.0,3.0,,,,
113523,,110.87,,,6.7,23.92,110.0,0.4,0.6,1.0,1.5,1.8,2.0,,,,
110048,,128.539,,,28.3,8.69,109.0,0.4,0.6,1.0,1.5,1.8,2.0,,,,
128049,,160.686,,,4.0,7.58,110.0,0.5,0.7,1.0,1.5,2.0,3.0,,,,
113522,,47.857,,,4.2,29.86,115.0,0.4,0.6,1.0,1.5,1.8,2.0,,,,
110047,,47.305,,,23.0,3.34,113.0,0.4,0.6,1.0,1.5,2.0,3.0,,,,
123017,,51.331,,,4.4,81.49,106.0,0.3,0.5,1.0,1.5,1.8,2.0,,,,
110046,,182.094,,,36.5,10.89,110.0,0.5,0.8,1.0,1.5,1.8,2.0,,,,
113020,,142.676,,,38.0,12.63,108.0,0.3,0.5,1.0,1.5,1.8,2.0,,,,
113521,,240.67,,,6.1,8.95,110.0,0.5,0.7,1.0,1.5,2.0,3.0,,,,
127008,,233.923,,,4.194,6.78,108.0,0.4,0.6,1.0,1.5,2.0,,,,,
128048,,74.752,,,25.0,6.06,109.0,0.4,0.6,1.0,1.5,1.8,2.0,,,,
113520,,43.405,,,5.1,19.03,110.0,0.5,0.7,1.0,1.5,2.0,3.0,,,,
123016,,77.249,,,5.480346,9.45,,0.5,0.8,1.2,1.5,1.8,2.0,,,,
113519,,57.214,,,7.0,11.99,115.0,0.5,0.8,1.0,1.5,1.8,2.0,,,,
128047,,83.78,,,13.0,40.26,105.0,0.2,0.5,1.0,1.5,1.8,2.0,,,,
128046,,78.64,,,8.52,18.82,108.0,0.4,0.6,1.0,1.5,1.8,2.0,,,,
113518,,64.528,,,10.9731,52.38,110.0,0.4,0.6,1.0,1.5,1.8,2.0,,,,
128045,,,,,21.0,7.66,105.0,0.2,0.5,1.0,1.5,1.8,2.0,,,,
128044,,120.0,,,6.6,1.4,,0.3,0.5,1.0,1.5,1.8,2.0,,,,
123015,,,,,5.38,7.89,,0.4,0.6,1.0,1.5,1.8,2.0,,,,
404001,,,,,5.38,7.89,,0.4,0.6,1.0,1.5,1.8,2.0,,,,
113517,,161.954,,,11.2,51.28,108.0,0.4,0.6,1.0,1.5,1.8,2.0,,,,
128043,,34.447,,,2.8132,13.47,110.0,0.4,0.6,1.0,1.5,2.0,2.5,,,,
113516,,77.918,,,25.0,6.34,110.0,0.5,0.8,1.0,1.5,1.8,2.0,,,,
128042,,112.528,,,4.16,13.25,112.0,0.4,0.6,1.0,1.5,1.8,2.0,,,,
123014,,155.46,,,3.498948,8.15,,0.4,0.6,1.0,1.5,2.0,,,,,
113515,,154.904,,,8.4,9.38,108.0,0.4,0.6,1.0,1.5,1.8,2.0,,,,
123013,,295.68,,,1.4,9.26,110.0,0.5,0.8,1.2,1.8,2.2,2.5,,,,
123012,,89.181,,,9.5,6.47,106.0,0.4,0.6,1.0,1.5,1.8,2.0,,,,
113514,,82.939,,,2.0,5.92,108.0,0.4,0.6,1.0,1.5,2.0,,,,,
123011,,92.087,,,5.647066,35.26,112.0,0.5,0.8,1.0,1.5,1.8,2.0,,,,
128041,,140.116,,,10.0,6.88,,0.5,0.7,1.0,1.5,1.8,2.0,,,,
110045,,48.871,,,30.0,12.4,108.0,0.3,0.5,0.8,1.0,1.3,1.8,,,,
113513,,237.197,,,5.0,35.46,108.0,0.3,0.5,1.0,1.5,1.8,2.0,,,,
113512,,116.677,,,9.78,50.01,108.0,0.4,0.6,1.0,1.5,1.8,2.0,,,,
123010,,35.035,,,4.3,14.3,108.0,0.4,0.6,1.0,1.5,1.8,2.0,,,,
127007,,49.114,,,17.33592,10.16,,0.5,0.8,1.0,1.5,1.8,2.0,,,,
110044,,56.295,,,8.0,6.91,108.0,0.4,0.6,1.0,1.5,1.8,2.0,,,,
113511,,34.996,,,3.56,25.86,108.0,0.3,0.5,1.0,1.5,1.8,2.0,,,,
113510,,107.951,,,1.14,11.32,108.0,0.4,0.6,1.0,1.5,1.8,2.0,,,,
128040,,84.716,,,2.24,11.45,,0.4,0.6,1.0,1.5,1.8,2.0,,,,
128039,,65.447,,,6.2,7.38,,0.3,0.5,1.0,1.3,1.5,2.0,,,,
113509,,260.458,,,4.5,25.34,106.0,0.3,0.5,1.0,1.5,1.8,2.0,,,,
113508,,70.43,,,21.53,23.74,108.0,0.3,0.5,1.0,1.5,1.8,2.0,,,,
113507,,97.645,,,3.05,11.04,108.0,0.4,0.6,1.0,1.5,1.8,2.0,,,,
113506,,48.124,,,6.0,21.86,106.0,0.3,0.5,1.0,1.3,1.5,2.0,,,,
128038,,279.348,,,21.975475,2.76,,0.3,0.5,1.0,1.5,1.8,2.0,,,,
128037,,37.391,,,6.0366,8.05,108.0,0.3,0.5,1.0,1.5,1.8,2.0,,,,
127006,,82.623,,,24.13,21.12,105.0,0.2,0.4,0.6,0.8,1.6,2.0,,,,
127005,,91.974,,,50.0,7.6,,0.2,0.4,1.0,1.5,1.8,2.0,,,,
128036,,57.922,,,6.5,9.72,106.0,0.4,0.6,1.0,1.5,1.8,2.0,,,,
123009,,52.161,,,4.8,27.99,,0.3,0.5,1.0,1.3,1.5,1.8,,,,
113505,,312.757,,,7.8,7.29,,0.3,0.5,1.0,1.5,1.8,2.0,,,,
113504,,45.504,,,6.91,36.59,106.0,0.3,0.5,1.0,1.5,1.8,2.0,,,,
113019,,73.927,,,20.0,19.1,110.0,0.3,0.5,1.0,1.5,2.0,,,,,
128035,,121.233,,,23.0,52.7,105.0,0.2,0.4,0.6,0.8,1.6,2.0,,,,
123008,,28.93,,,3.56,47.01,106.0,0.3,0.5,1.0,1.5,1.8,2.0,,,,
110043,,66.067,,,30.0,8.9,106.0,0.3,0.5,0.8,1.0,1.3,1.8,,,,
128034,,49.672,,,20.0,9.16,106.0,0.3,0.5,0.8,1.0,1.3,1.8,,,,
113018,,93.035,,,30.0,7.61,106.0,0.3,0.5,0.8,1.0,1.3,1.8,,,,
123007,,54.789,,,4.8,45.21,107.0,0.5,0.7,1.0,1.5,1.8,2.0,,,,
128033,,68.015,,,5.2,13.35,,0.3,0.5,1.0,1.3,1.5,1.8,,,,
113017,,103.02,,,15.6,2.98,106.0,0.3,0.5,1.0,1.3,1.5,1.8,,,,
110042,,91.463,,,24.0,14.29,105.0,0.2,0.5,1.0,1.5,1.8,2.0,,,,
128032,,364.151,,,10.0,10.07,,0.3,0.5,1.0,1.5,1.8,2.0,,,,
128030,,86.667,,,10.0,8.25,108.0,0.3,0.5,1.0,1.5,1.8,2.0,,,,
110041,,181.695,,,18.7522,2.95,106.0,0.4,0.6,1.0,1.5,1.8,2.0,,,,
128029,,168.701,,,12.0,8.85,106.0,0.3,0.5,0.8,1.0,1.5,,,,,
128028,,98.247,,,9.28,71.89,106.0,0.3,0.5,0.8,1.0,1.5,1.8,,,,
123006,,145.362,,,46.5,13.69,107.0,0.2,0.4,0.6,1.0,1.5,2.0,,,,
123005,,41.953,,,9.0,13.11,107.0,0.3,0.5,1.0,1.3,1.5,1.8,,,,
123004,,15.174,,,11.0,12.39,,0.3,0.5,1.0,1.3,1.5,1.8,,,,
128027,,46.33,,,8.0,30.93,106.0,0.3,0.5,1.0,1.5,1.8,2.0,,,,
113503,,99.882,,,2.15,25.41,108.0,0.4,0.6,1.0,1.5,1.8,2.0,,,,
128026,,141.141,,,9.2,11.74,106.0,0.4,0.6,1.0,1.5,1.8,2.0,,,,
123003,,80.35,,,48.0,36.59,106.0,0.3,0.5,1.0,1.3,1.5,1.8,,,,
128025,,53.069,,,3.54,20.2,106.0,0.3,0.5,1.0,1.3,1.5,1.8,,,,
128024,,164.499,,,100.0,18.45,105.0,0.2,0.4,0.8,1.2,1.6,2.0,,,,
128023,,137.069,,,10.0,10.44,,0.3,0.5,1.0,1.5,1.8,2.0,,,,
128022,,59.173,,,7.0,11.12,,0.3,0.5,1.0,1.3,1.5,1.8,,,,
128021,,33.076,,,7.0,18.17,,0.3,0.5,1.0,1.3,1.5,1.8,,,,
123002,,40.97,,,5.97,21.04,,0.3,0.5,1.0,1.3,1.5,1.8,,,,
110040,,333.333,,,18.0,17.34,,0.3,0.5,1.0,1.3,1.5,1.8,,,,
110039,,116.956,,,16.0,18.46,106.0,0.3,0.5,1.0,1.3,1.5,1.8,,,,
128020,,80.97,,,11.8,29.9,108.0,0.3,0.5,0.8,1.0,1.3,1.8,,,,
110038,,64.961,,,8.4316,41.04,,0.2,0.5,0.8,1.5,6.0,,,,,
113502,,200.528,,,1.85,45.48,108.0,0.4,0.6,1.0,1.5,1.8,2.0,,,,
128019,,365.95,,,10.4,8.37,106.0,0.3,0.5,1.0,1.3,1.5,1.8,,,,
128018,,115.63,,,8.825057,11.9,,0.3,0.5,1.0,1.5,1.8,2.0,,,,
113016,,419.783,,,15.0,23.0,106.0,0.3,0.5,1.0,1.5,1.8,2.0,,,,
113015,,58.393,,,28.0,32.35,106.0,0.3,0.5,1.0,1.3,1.5,1.8,,,,
128017,,95.36,,,6.0,23.92,,0.3,0.5,1.0,1.3,1.5,1.8,,,,
113014,,74.659,,,30.0,8.8,106.0,0.3,0.5,1.0,1.5,1.8,2.0,,,,
128016,,40.021,,,18.4,38.48,,0.3,0.5,1.0,1.3,1.5,1.8,,,,
113013,,85.198,,,70.0,20.2,105.0,0.2,0.5,1.0,1.5,1.8,2.0,,,,
128015,,63.685,,,7.8,12.97,,0.3,0.5,1.0,1.3,1.5,1.8,,,,
127004,,147.875,,,8.1366,8.0,110.0,0.5,0.7,1.0,1.5,1.8,2.0,,,,
128014,,24.439,,,3.4,30.77,108.0,0.5,0.7,1.0,1.5,1.8,2.0,,,,
113012,,56.138,,,7.17,16.78,,0.3,0.5,1.0,1.3,1.5,1.8,,,,
113011,,75.688,,,300.0,4.36,105.0,0.2,0.5,1.0,1.5,1.8,2.0,,,,
128013,,,,,12.0,10.28,108.0,0.4,0.6,1.0,1.5,1.8,2.0,,,,
127003,,,,,11.11,5.26,110.0,0.5,0.7,1.0,1.5,1.8,2.0,,,,
128012,,6.263,,,8.45,29.7,103.0,0.5,0.7,1.0,1.3,1.3,1.6,,,,
113010,,31.421,,,7.6,19.0,108.0,0.3,0.5,1.0,1.5,1.8,2.0,,,,
128011,,61.307,,,4.2,11.63,106.0,0.5,0.7,1.0,1.5,1.5,1.8,,,,
110035,,69.72,,,35.0,12.88,,0.2,0.4,1.0,1.2,1.5,,,,,
128010,,183.475,,,5.1,9.44,108.0,0.5,0.7,1.0,1.6,1.6,1.6,,,,
113009,,33.379,,,41.0558,21.99,106.0,0.2,0.5,1.0,1.5,1.5,1.6,,,,
110034,,26.944,,,15.0,18.78,108.0,0.2,0.4,0.6,0.8,1.6,2.0,,,,
110033,,70.1,,,28.0,9.03,108.0,0.3,0.5,0.9,1.4,1.7,2.0,,,,
110032,,263.067,,,45.0,7.5,106.0,0.2,0.5,1.0,1.5,1.6,2.0,,,,
123001,,94.183,,,14.0,15.3,,0.5,0.7,1.0,1.5,1.8,2.0,,,,
110031,,9.953,,,24.0,86.61,107.0,0.2,0.5,1.0,1.5,1.5,1.6,,,,
113008,,76.959,,,60.0,10.72,,0.2,0.5,1.0,1.5,1.5,1.6,,,,
110030,,28.373,,,9.8,20.9,106.0,0.6,0.8,1.0,1.5,2.0,,,,,
128009,,88.271,,,25.0,26.43,,0.5,0.7,1.0,1.6,1.6,1.6,,,,
113501,,203.759,,,49.0,8.78,108.0,0.5,0.7,0.9,1.2,1.8,2.4,,,,
110029,,97.35,,,100.0,5.66,107.0,0.5,0.7,1.0,2.0,2.5,2.5,,,,
128008,,78.627,,,7.6,10.2,108.0,0.5,0.8,1.3,1.6,2.0,,,,,
113007,,25.414,,,17.0,12.08,105.0,0.5,0.8,1.1,1.4,1.7,2.0,,,,
128007,,65.143,,,6.0,17.5,110.0,0.8,1.0,1.3,1.6,2.0,2.5,,,,
110028,,65.0,,,18.0,6.2,112.0,1.2,1.8,2.5,3.0,3.5,4.0,,,,
110027,,315.25,,,40.0,12.0,105.0,0.5,0.8,0.8,1.4,2.0,2.0,,,,
128006,,45.178,,,6.3176,13.48,,0.6,0.9,1.2,1.6,2.0,2.5,,,,
110025,,42.063,,,25.0,19.97,,0.5,0.7,0.9,1.1,1.3,1.5,,,,
128005,,39.819,,,12.4,14.34,,3.0,0.8,1.3,1.8,2.3,2.3,,,,
128004,,153.457,,,4.87,19.96,108.0,0.5,0.7,1.0,1.3,1.7,2.1,,,,
113006,,87.589,,,16.0,8.46,105.0,0.6,0.9,1.2,1.5,1.8,2.0,,,,
113005,,142.245,,,260.0,41.33,108.0,0.8,1.0,1.2,1.8,2.2,2.6,,,,
127002,,124.823,,,25.0,8.46,108.0,0.8,1.3,1.7,2.3,2.5,2.5,,,,
110024,,63.131,,,26.0,9.71,108.0,0.6,0.9,1.2,2.0,2.0,2.0,,,,
128003,,129.316,,,4.61,9.79,,0.5,0.7,0.9,1.1,1.3,1.5,,,,
128002,,34.304,,,10.0,23.7,,0.5,0.8,1.1,1.5,1.5,2.0,,,,
110023,,37.928,,,200.0,10.23,106.0,0.6,0.6,0.6,1.5,1.5,1.5,,,,
128001,,53.977,,,3.2,15.34,103.0,0.6,0.9,1.2,1.6,2.0,,,,,
127001,,248.028,,,6.5,7.1,106.0,0.5,1.0,1.5,2.0,2.0,2.0,,,,
110022,,161.4,,,12.05,17.72,106.0,0.5,0.7,1.3,1.7,2.0,,,,,
110020,,87.572,,,60.0,6.92,104.0,3.5,3.5,4.0,4.0,4.0,4.0,,,,
113003,,,,,80.5015,6.05,104.0,0.5,0.5,1.0,1.0,2.0,2.0,,,,
110019,,125.0,,,4.5,6.88,105.0,0.7,0.9,1.1,1.3,1.5,,,,,
110018,,190.262,,,55.0,2.67,103.0,0.5,0.5,1.0,2.0,2.0,2.0,,,,
110017,,291.149,,,39.5,8.7,105.0,0.5,0.7,0.9,1.3,1.6,2.0,,,,
129031,,82.324,,,3.5,8.09,105.0,0.8,1.0,1.2,1.6,2.0,,,,,
125089,,119.788,,,20.0,5.66,107.0,0.6,0.8,1.0,1.3,1.6,1.9,,,,
110016,,90.751,,,21.0,17.3,108.0,0.5,0.7,0.9,1.2,1.5,1.8,,,,
110015,,60.843,,,230.0,9.73,107.0,0.5,0.7,1.0,1.3,1.8,2.0,,,,
125887,,71.671,,,3.0,25.31,106.0,0.8,1.1,1.4,1.7,2.0,,,,,
110013,,201.372,,,34.0,7.29,108.0,0.5,0.7,0.9,1.2,1.5,1.8,,,,
110012,,86.026,,,7.2,4.58,103.0,0.7,0.9,1.1,1.3,1.6,,,,,
110011,,48.641,,,16.0,15.09,105.0,0.6,0.8,1.0,1.3,1.6,1.9,,,,
126729,,58.234,,,11.3,21.86,102.0,0.5,0.7,0.9,1.1,1.4,,,,,
113002,,174.762,,,250.0,4.2,105.0,0.5,0.7,0.9,1.1,1.4,1.8,,,,
128233,,69.497,,,6.3,13.31,,0.8,1.0,1.2,1.6,2.0,,,,,
126630,,37.691,,,20.0,15.68,105.0,0.6,0.9,1.2,1.5,1.8,2.1,,,,
113001,,138.06,,,400.0,4.02,106.0,0.5,0.8,1.1,1.4,1.7,2.0,,,,
125731,,101.495,,,6.5,7.36,105.0,0.8,1.0,1.2,1.5,1.8,,,,,
110009,,34.676,,,7.2,21.11,105.0,0.5,0.8,1.1,1.4,1.7,,,,,
110008,,36.681,,,8.21,33.56,103.0,0.5,0.8,1.1,1.4,1.7,2.0,2.5,2.5,,
110007,,65.474,,,9.75,10.34,107.0,1.0,1.2,1.4,1.7,2.0,,,,,
125969,,91.749,,,7.5,22.3,106.0,1.0,1.2,1.4,1.6,1.8,2.0,,,,
110006,,149.888,,,12.5,8.9,105.0,1.0,1.2,1.4,1.6,1.8,,,,,
110005,,38.351,,,2.65,14.55,105.0,1.0,1.2,1.4,1.6,1.8,,,,,
110004,,57.2,,,6.0,7.5,108.0,1.2,1.5,1.8,2.1,2.4,,,,,
126019,,,,,30.0,,,0.8,2.0,,,,,,,,
126018,,,,,68.0,,,1.0,2.0,,,,,,,,
110003,,44.404,,,27.6,8.22,107.0,1.5,1.8,2.1,2.4,2.8,,,,,
126017,,,,,13.9,,,0.6,1.5,,,,,,,,
126016,,,,,100.0,,,0.8,1.5,,,,,,,,
126015,,,,,9.0,,,0.8,1.8,,,,,,,,
126014,,,,,39.95,,,1.0,2.0,,,,,,,,
125528,,35.318,,,8.0,26.87,104.0,1.0,1.2,1.6,2.0,2.4,2.8,,,,
110002,,35.879,,,28.0,16.89,105.0,1.0,1.5,1.9,2.3,2.7,,,,,
126013,,,,,15.0,,,0.8,1.5,,,,,,,,
110368,,38.757,,,5.4,10.14,103.0,1.3,1.5,1.7,1.9,2.1,,,,,
126012,,,,,24.5,,,0.6,1.2,,,,,,,,
126011,,,,,300.0,,,0.8,1.5,,,,,,,,
115003,,,,,40.0,,,0.8,1.5,,,,,,,,
126009,,,,,12.0,,,,,,,,,,,,
126010,,,,,10.5,,,0.8,1.3,,,,,,,,
125572,,34.534,,,8.2,18.33,106.0,1.5,1.8,2.2,2.5,2.7,,,,,
110598,,110.196,,,15.0,14.32,105.0,1.5,1.8,2.1,2.4,2.7,,,,,
126008,,,,,63.0,,,0.8,1.2,,,,,,,,
125709,,11.394,,,30.0,20.8,,0.8,1.1,1.4,1.7,2.0,,,,,
126007,,,,,8.8,,,1.4,2.0,,,,,,,,
110227,,15.965,,,4.5,24.93,,1.5,1.8,2.1,2.4,2.7,,,,,
126006,,,,,15.0,,,,,,,,,,,,
110971,,15.487,,,4.0,50.88,103.0,1.5,1.8,2.1,2.3,2.5,3.5,,,,
110567,,21.614,,,4.7,7.31,105.0,1.4,1.7,2.0,2.3,2.6,2.8,2.8,,,
110026,,100.079,,,20.0,25.31,105.0,1.84,2.05,2.26,2.47,2.7,,,,,
